qid,docno,label
jg_q01,A5mx7x0,3
jg_q01,XkHloXq,4
jg_q01,TawmzXg,3
jg_q01,NmRodFN,3
jg_q01,e13X9Ik,3
jg_q01,BVONkrM,3
jg_q01,E24JwBF,3
jg_q01,2Qm67oV,3
jg_q01,5xUNpUx,3
jg_q01,zj2hfbS,3
jg_q01,FmhW5vq,3
jg_q01,3SIaEPS,3
jg_q01,QRZdmFP,3
jg_q01,akICtMH,2
jg_q01,yC3YN4i,3
jg_q01,bzM7WmA,3
jg_q01,xI8PiYG,4
jg_q01,puQlnFB,3
jg_q01,Pf0LMEy,3
jg_q01,dkEAssa,3
jg_q01,t35BcfX,3
jg_q01,goxMtek,3
jg_q01,ExKuPDS,3
jg_q01,I0dCWlO,4
jg_q01,v1m0Gsp,3
jg_q01,KJ6TEmf,4
jg_q01,NTIeh0G,3
jg_q01,6kfKFIC,2
jg_q01,i6HCfTx,2
jg_q01,9e1ZAjo,3
jg_q01,vtLoyBZ,2
jg_q01,u9Tcijm,2
jg_q01,MLIeXot,2
jg_q01,IXqZm5R,2
jg_q01,bwBJy0x,2
jg_q01,ez74HpV,2
jg_q01,fDKblxI,2
jg_q01,vLE6Ftb,2
jg_q01,OlF9pv1,2
jg_q01,UVt0QDY,2
jg_q01,DI1PzDx,2
jg_q01,8B2pm9s,2
jg_q01,9Zxg0hk,2
jg_q01,0Oc41Uz,2
jg_q01,uLRK4tA,2
jg_q01,VZ7nqJg,2
jg_q01,ubD3hYq,4
jg_q01,l3j9MFU,3
jg_q01,wkFLSNe,3
jg_q01,YEnerMe,2
jg_q01,SIOMQqH,2
jg_q02,UT05Oqe,4
jg_q02,A7XR8tE,4
jg_q02,VHC9VZF,4
jg_q02,7ltisy8,4
jg_q02,9kGa7qG,4
jg_q02,ktsGeBb,4
jg_q02,nvXY1u2,4
jg_q02,qkxUFTl,4
jg_q02,TcszMPX,4
jg_q02,2wqPXoK,2
jg_q02,AAaPSDS,2
jg_q02,ifPZANm,2
jg_q02,jT4XeCq,2
jg_q02,eeYGiKh,1
jg_q02,pLQT6Y2,1
jg_q02,5Vs2rYK,1
jg_q02,G9GKdNR,1
jg_q02,CGnvr1i,1
jg_q02,fMcHcKa,1
jg_q02,3jsLFuq,1
jg_q02,EsVMHTR,1
jg_q02,wcmc20f,1
jg_q02,LzDqIFE,1
jg_q02,UAdf7XZ,1
jg_q02,xY6ovUY,1
jg_q02,u96MS1h,1
jg_q02,6CuFFRf,1
jg_q02,2JJuKfZ,2
jg_q02,Ea818F9,2
jg_q02,OytFA92,2
jg_q02,b0OzGjc,2
jg_q02,OmrAvjF,2
jg_q02,Nra7hR1,1
jg_q02,wM4VHG1,2
jg_q02,cQe3vZ4,2
jg_q02,Fd3HTS6,2
jg_q02,bfYKvgE,3
jg_q02,nXIbRIf,4
jg_q02,4df6xMJ,2
jg_q02,AYREsYD,2
jg_q02,SfnkpVA,2
jg_q02,yzqvQuC,2
jg_q02,oIaEM5O,1
jg_q02,A3M9AjJ,2
jg_q02,nJqTjgA,2
jg_q02,XoHRN5D,2
jg_q02,UDhCE4P,2
jg_q02,xvVbzXc,3
jg_q02,RvOFrjt,2
jg_q02,OhJqs5F,2
jg_q02,Q1E7VIz,3
jg_q02,QuVArp5,1
jg_q02,s0xiy7K,3
jg_q02,gGsZTbZ,3
jg_q02,tBitey0,1
jg_q02,00JEZqL,1
jg_q02,LYsJjDZ,1
jg_q02,O3qMFuk,1
jg_q02,5L2hOqa,1
jg_q02,ld9f4Lx,1
jg_q02,OK2yGxM,1
jg_q02,lcGLNwS,1
jg_q02,kicTVil,1
jg_q02,rZAXAgO,1
jg_q02,oDPAu42,1
jg_q02,VRAa0Sl,1
jg_q02,XrdCRH4,1
jg_q02,Y9DLYks,1
jg_q02,0owdWPg,1
jg_q02,nAFGTuN,1
jg_q02,DhrPtah,1
jg_q02,oJatMXZ,1
jg_q02,2bsxZWP,1
jg_q03,Ata2fet,4
jg_q03,QiUnfAM,4
jg_q03,aDh652L,4
jg_q03,q5k1wf2,4
jg_q03,FyN1hxv,4
jg_q03,gQUKF5F,3
jg_q03,Ht5N8oX,3
jg_q03,hCm8Q1d,3
jg_q03,Ue4djlc,3
jg_q03,GMfb963,3
jg_q03,zCi3y5N,3
jg_q03,KlRfj34,3
jg_q03,b4ty2FP,3
jg_q03,FZRkcZO,3
jg_q03,OMuJBBt,3
jg_q03,OUpjytK,3
jg_q03,ChoAuwK,3
jg_q03,bwYSYfB,3
jg_q03,vwzEFtx,3
jg_q03,zcKF0gb,3
jg_q03,HAZWA7W,3
jg_q03,JKeWKqC,3
jg_q03,pfH44xH,3
jg_q03,YKLtSuc,3
jg_q03,oNgMXy0,3
jg_q03,6BdBd2t,3
jg_q03,6BcA6Ip,3
jg_q03,t52oy44,3
jg_q03,xA19WR1,3
jg_q03,srmxgLC,3
jg_q03,YcbXlW3,3
jg_q03,gTOMKpi,3
jg_q03,30oBBq5,3
jg_q03,zGKxtpB,3
jg_q03,2Lk14LC,3
jg_q03,qVHRA7h,3
jg_q03,T8h8DtL,3
jg_q03,ssKPmZk,3
jg_q03,gTeMJUj,3
jg_q03,Tn52WK5,3
jg_q03,2liR1gl,3
jg_q03,Kgy0OCl,3
jg_q03,JGg3HQg,4
jg_q03,mqlqiwq,3
jg_q03,dKHsBTw,3
jg_q03,Va0Xo3U,3
jg_q03,oDozdVM,3
jg_q03,KTXH8vT,3
jg_q03,v9V7dIo,3
jg_q03,QxFClay,3
jg_q03,0iArROF,3
jg_q03,1YfSoPF,3
jg_q03,CDAjYXI,3
jg_q03,sk77FD0,3
jg_q03,y3Y1tTw,3
jg_q03,zpD25aY,3
jg_q03,paYC1HK,3
jg_q03,UJxbaWV,3
jg_q03,FrKZ8OY,3
jg_q04,VRyMvF8,4
jg_q04,my3mr7J,4
jg_q04,HNOcnSk,4
jg_q04,NNAk67I,4
jg_q04,MhuSRhS,4
jg_q04,eXvVPJs,4
jg_q04,xIk3Wuw,3
jg_q04,KW63Da6,3
jg_q04,azjk3EZ,3
jg_q04,N5T0Z8t,3
jg_q04,PaGAl2W,4
jg_q04,UqUkWPZ,3
jg_q04,3agR1Ka,3
jg_q04,7hNO1wY,3
jg_q04,ZaaoLTM,3
jg_q04,MqD6msS,3
jg_q04,LuDUmKn,3
jg_q04,HbysW11,3
jg_q04,tadsHiB,4
jg_q04,xXADlAu,4
jg_q04,KKgY1ZY,3
jg_q04,kCXsTdm,3
jg_q04,31EyHgg,3
jg_q04,tN9SDrf,3
jg_q04,AoOEUDL,3
jg_q04,6TH3Gu9,3
jg_q04,3pQTOfU,3
jg_q04,QIKxDyw,3
jg_q04,2jhhT9C,3
jg_q04,i8LiywS,3
jg_q04,mNuqgo4,2
jg_q04,Ebs7dmL,2
jg_q04,CGRWuMO,2
jg_q04,oSkgOUp,2
jg_q04,9URaWSa,3
jg_q04,FarGkSU,3
jg_q04,b2GyST2,3
jg_q04,0d257B3,3
jg_q04,I3sDtpQ,2
jg_q04,ywXlXjs,2
jg_q04,oFFBPBS,2
jg_q04,KomkvVL,2
jg_q04,tfwWanc,2
jg_q04,f9DlaAt,2
jg_q04,9UnzbhX,2
jg_q04,4zghbTW,2
jg_q04,A7zzEbY,2
jg_q04,Ht5N8oX,2
jg_q04,mlUUe7r,2
jg_q04,X2csBen,2
jg_q05,LicwvfB,4
jg_q05,ybaFmbl,4
jg_q05,4P0kywv,4
jg_q05,ZwGRiSB,4
jg_q05,G2yB3Te,4
jg_q05,XysxhHE,4
jg_q05,JKIfz4j,4
jg_q05,hR638Pk,4
jg_q05,dcYZ3ro,4
jg_q05,U9j3Lxa,4
jg_q05,gO6hYuQ,2
jg_q05,qZXPEcB,2
jg_q05,XrGuABN,3
jg_q05,T5ob541,3
jg_q05,vTLzwVb,3
jg_q05,sIPBGvC,2
jg_q05,rhmIFoq,2
jg_q05,uCFemwP,4
jg_q05,b9dD1Mc,4
jg_q05,gUBoaii,4
jg_q05,IHeVfRX,3
jg_q05,kyiIyR0,3
jg_q05,4JHCHAq,3
jg_q05,bls8sss,1
jg_q05,XQbUTcg,2
jg_q05,SK57o8Q,4
jg_q05,5Gbu6Mu,3
jg_q05,Jdkt9S3,3
jg_q05,C8g3vZd,3
jg_q05,PPpN21w,4
jg_q05,bLDNztU,4
jg_q05,shqXaE2,4
jg_q05,mvgkuUw,4
jg_q05,oyClaYK,4
jg_q05,9CYEBV8,4
jg_q05,9WpxqUm,3
jg_q05,VpcUN8a,3
jg_q05,5K7J357,1
jg_q05,IfJIwmM,4
jg_q05,CAfuhq7,4
jg_q05,34vSVBQ,4
jg_q05,wQnSbbn,2
jg_q05,qVCNYnN,3
jg_q05,sa6dJtS,1
jg_q05,vyyVcIa,4
jg_q05,aMasfcx,1
jg_q05,37WDCzI,4
jg_q05,wSVedCL,4
jg_q05,eX9JF2a,2
jg_q05,yUw7qPQ,2
jg_q05,R1qAYFN,3
jg_q05,te9XdMa,3
jg_q05,vkjLxir,3
jg_q06,A9ag14s,4
jg_q06,ftek9XG,4
jg_q06,MvUu4SD,4
jg_q06,ptOPcj4,4
jg_q06,0L7uXlt,4
jg_q06,TOWlnSm,2
jg_q06,pT3tKiu,4
jg_q06,U4xvnBI,4
jg_q06,bkj3XiR,4
jg_q06,0cWM15w,4
jg_q06,7OuBXmt,4
jg_q06,SVkwm96,4
jg_q06,vtAohoQ,4
jg_q06,094W0e8,4
jg_q06,iYWaHGf,4
jg_q06,Pw7k5Z7,4
jg_q06,F9i7Joh,4
jg_q06,iDgZbHP,4
jg_q06,xT7GJ6I,4
jg_q06,XVTBfxl,4
jg_q06,QWPyWMF,1
jg_q06,BMbZsOb,1
jg_q06,UiPq5Is,2
jg_q06,tE4DeH9,2
jg_q06,rGuiowi,2
jg_q06,2fVuJqF,2
jg_q06,BShN204,1
jg_q06,OkNDFUm,1
jg_q06,1CsIN44,2
jg_q06,ZIfWSGy,2
jg_q06,E4WgmQK,2
jg_q06,TYem1It,1
jg_q06,otYriZ1,1
jg_q06,qEIJMap,1
jg_q06,m2oM2xz,2
jg_q06,iSn9kph,1
jg_q06,FBBMVWZ,1
jg_q06,ZQjRgH0,1
jg_q06,Kq7AUFF,3
jg_q06,jluPW4b,1
jg_q06,3QNfkyr,1
jg_q06,PTBQALa,1
jg_q06,1oxqko3,1
jg_q06,n5EYn62,1
jg_q06,eRJxGve,1
jg_q06,9qjedgX,1
jg_q06,yILrE6X,1
jg_q06,hbvcsl2,1
jg_q06,uVC94so,1
jg_q06,5wz5bFk,1
jg_q06,i43vPrd,1
jg_q06,2DnOE3v,1
jg_q07,j5sYvn0,4
jg_q07,iVfW45B,4
jg_q07,ZokLQFW,4
jg_q07,RpLqZAM,4
jg_q07,yJFm3T1,2
jg_q07,KZetpSE,3
jg_q07,VBBEBMG,2
jg_q07,hv9xPhH,2
jg_q07,RqrHrQY,2
jg_q07,6LUHSda,2
jg_q07,29tXLML,3
jg_q07,JaGp01Z,2
jg_q07,a3Pc0UF,2
jg_q07,0xpWGi8,2
jg_q07,hq8aIoM,2
jg_q07,5rqVxPh,3
jg_q07,oKZ73AM,3
jg_q07,i2GLo9Z,2
jg_q07,Eia5RU7,2
jg_q07,XsQlRf9,2
jg_q07,4vXhJVc,2
jg_q07,t8KgazW,2
jg_q07,WZ9Ofyk,2
jg_q07,Bm7qpHk,2
jg_q07,jXLK2Jr,2
jg_q07,StMXVg3,2
jg_q07,OnEC7sa,2
jg_q07,i1LFaLQ,2
jg_q07,0OHyUd0,2
jg_q07,kMuy0AC,2
jg_q07,dAWzjrB,2
jg_q07,te8FRMi,2
jg_q07,pR7xPeO,2
jg_q07,2cBJolx,2
jg_q07,wovZD0I,2
jg_q07,ADPMc2b,4
jg_q07,9hdXXKc,2
jg_q07,VZd59Iq,2
jg_q07,T9tEoZ2,2
jg_q07,qK5ZDUS,2
jg_q07,PJmRnza,2
jg_q07,UWtKxk6,2
jg_q07,21W69T5,2
jg_q07,Zn3vOWW,2
jg_q07,JIxAXnd,2
jg_q07,gXa3KIC,2
jg_q07,i8wmxk5,2
jg_q07,fQ6SeHV,2
jg_q07,mHjQbty,3
jg_q07,TjeZj9k,3
jg_q07,QLuGjBw,1
jg_q07,BaE71m5,1
jg_q08,4qGLyT4,4
jg_q08,VW0myhE,2
jg_q08,9pdURGh,2
jg_q08,QT5xUCI,4
jg_q08,iVLIC5f,4
jg_q08,Rtiqu2J,4
jg_q08,PhTa7fS,2
jg_q08,yEaE2kH,4
jg_q08,5jKzHQw,4
jg_q08,wd4316E,2
jg_q08,k7RF4vs,2
jg_q08,uSmsbip,4
jg_q08,6buDBD8,4
jg_q08,5Z5HCQu,2
jg_q08,kBWehSS,4
jg_q08,LqPj9DM,2
jg_q08,CGtKCU4,2
jg_q08,DwBgRZW,3
jg_q08,2j55Wtj,3
jg_q08,CdWD9WL,3
jg_q08,HawwRgW,3
jg_q08,VmBsrFb,3
jg_q08,FdbJh1M,3
jg_q08,SQ4P0SW,3
jg_q08,S5CFf7l,3
jg_q08,BWqiryt,3
jg_q08,AkxmdY1,3
jg_q08,oispXpL,3
jg_q08,g3aZ59w,2
jg_q08,WnGlgrL,3
jg_q08,XOm2XHA,2
jg_q08,8OvQrt9,3
jg_q08,Rl0QeIb,3
jg_q08,KnTlzgE,3
jg_q08,oTLBbqy,3
jg_q08,J1iDl00,3
jg_q08,XYy9x9P,3
jg_q08,T8h8DtL,3
jg_q08,te5uodx,3
jg_q08,DWuq3Hi,3
jg_q08,Y9TVi2q,3
jg_q08,arQl9CY,3
jg_q08,v1epACk,3
jg_q08,s2xAskc,3
jg_q08,IdkQERh,3
jg_q08,l6KZc47,3
jg_q08,jPcrzZg,3
jg_q08,oBdUJ1N,3
jg_q08,HNioI2T,3
jg_q08,rDHi5sI,3
jg_q09,Ebs7dmL,4
jg_q09,HlaYEo7,4
jg_q09,0pb0FEe,4
jg_q09,gTd9Z6W,4
jg_q09,SKIgdBy,4
jg_q09,G89s8N8,4
jg_q09,9r6MHNy,4
jg_q09,EnJMElL,4
jg_q09,gN7IVFC,4
jg_q09,fdP7UWU,4
jg_q09,Ywf2338,4
jg_q09,9vwlmkt,4
jg_q09,uDtPG05,4
jg_q09,TmzPdK1,4
jg_q09,s64LHiu,4
jg_q09,Y2GamFm,4
jg_q09,iGas252,4
jg_q09,clfyMzA,4
jg_q09,q4XLm9g,4
jg_q09,Q7HMUD8,4
jg_q09,TwA5Gxc,4
jg_q09,UZig5Oo,4
jg_q09,tBANsqi,4
jg_q09,eyQFoDD,4
jg_q09,Og3GWrS,4
jg_q09,6rv06iz,4
jg_q09,zBp7Aco,4
jg_q09,Z3k4yrG,4
jg_q09,Wk7Mx3i,4
jg_q09,rVtijeG,4
jg_q09,T0TA5HS,4
jg_q09,UT403og,4
jg_q09,KNZMtKL,4
jg_q09,iN1d6fG,4
jg_q09,aAuCz9f,4
jg_q09,rK7ot3k,4
jg_q09,oQ2K6ZI,4
jg_q09,G3MmzYF,4
jg_q09,7oeUUId,4
jg_q09,fq9ISL6,4
jg_q09,K6w4lrs,4
jg_q09,gGmGZLy,4
jg_q09,cRTG1Hw,4
jg_q09,PMfOmZt,4
jg_q09,UYjrQ6H,4
jg_q09,UaCJrFl,4
jg_q09,wuFdQXA,4
jg_q09,t3ZcFiU,4
jg_q09,wZ0NQXY,4
jg_q09,TVBqecl,4
jg_q10,CpZ3n0g,4
jg_q10,8l5uv4f,4
jg_q10,A6awIjp,4
jg_q10,kBkf2A0,4
jg_q10,TRFzWtr,4
jg_q10,7FGgQ3s,4
jg_q10,x3iq22Q,4
jg_q10,mbNjBOV,4
jg_q10,Szw2HHB,4
jg_q10,gE0Edkx,4
jg_q10,EpD4DZK,3
jg_q10,6MxjpNG,4
jg_q10,IjXjcrO,4
jg_q10,rJom0Nf,2
jg_q10,UmFRPNY,2
jg_q10,9RWOhos,2
jg_q10,lyzN965,3
jg_q10,PV3s3bs,2
jg_q10,Gyd12Fs,2
jg_q10,Mj8rdp2,4
jg_q10,OkbgS7w,4
jg_q10,Zvm7w8Q,4
jg_q10,F4Ujjpn,4
jg_q10,2KfNkKj,2
jg_q10,MD61vEX,1
jg_q10,wPAKuH6,1
jg_q10,Z8oACza,1
jg_q10,CVbHRiS,1
jg_q10,ZKQ881F,1
jg_q10,7N7Ki0i,3
jg_q10,4deEWgu,1
jg_q10,Yvb8TnQ,1
jg_q10,KHNUIlm,1
jg_q10,atCGw0Y,1
jg_q10,JBNtVvD,1
jg_q10,3NieC5o,1
jg_q10,z6YkPsb,1
jg_q10,8sn7UOp,1
jg_q10,dKxAyMq,1
jg_q10,nsg8YDF,2
jg_q10,Dox1Xpu,2
jg_q10,a4RbzMf,2
jg_q10,92P6u7G,2
jg_q10,mdviiBa,2
jg_q10,MYRc6mw,2
jg_q10,fh7qenP,2
jg_q10,aktMrrw,2
jg_q10,TopHS7q,2
jg_q10,KM1ZTIs,2
jg_q10,qzGV7ME,1
jg_q10,tBHOh7N,1
jg_q10,sXLCnY1,1
jg_q10,Pp8ojbE,1
jg_q10,It0BwbM,1
jg_q10,5s3N9Vn,1
jg_q10,zKDSTNn,1
jg_q10,n9m4FfT,1
jg_q11,KPAWHz0,4
jg_q11,u0DPmSH,4
jg_q11,TH2MRZf,4
jg_q11,RdYkYPY,4
jg_q11,2AxI8mF,4
jg_q11,1g8Z4QJ,4
jg_q11,vhUhXOh,4
jg_q11,64oDDpp,3
jg_q11,FOQbPHe,3
jg_q11,2YGWHh6,3
jg_q11,lq1JRkZ,3
jg_q11,ZcjvVLs,3
jg_q11,wpc914C,3
jg_q11,dfE3ppd,3
jg_q11,E5GBGse,3
jg_q11,UMucfac,3
jg_q11,28E6NzY,2
jg_q11,fg3cyFe,2
jg_q11,tZIRvad,2
jg_q11,HrKODiU,2
jg_q11,hFNeObC,2
jg_q11,ZB9bvvP,4
jg_q11,z0Y23kV,2
jg_q11,Gt3IuM6,2
jg_q11,Yom09w9,2
jg_q11,GAnbaLm,2
jg_q11,KCP63jg,2
jg_q11,Q5KNJHV,2
jg_q11,UfZ97Jz,2
jg_q11,H4QlhK5,2
jg_q11,iUFPS3A,1
jg_q11,zbWvopA,1
jg_q11,6e6AJ5U,1
jg_q11,OwJGEAV,1
jg_q11,EGPQmeT,1
jg_q11,XyuF6y3,1
jg_q11,VzMUe6w,1
jg_q11,cfrKrg5,1
jg_q11,0piOmuK,1
jg_q11,MnRc3M8,1
jg_q11,frKYX59,1
jg_q11,B1li1te,1
jg_q11,C7qajMQ,1
jg_q11,ABXZSvH,1
jg_q11,yVvwsv7,1
jg_q11,L4LSJ80,1
jg_q11,2gxgCJ1,1
jg_q11,jezhOg0,1
jg_q11,1msv8iX,1
jg_q11,3eo1fuy,1
jg_q12,Vg8JCqO,4
jg_q12,xMZfNu2,4
jg_q12,nOydBG1,4
jg_q12,QfdGld4,4
jg_q12,M03f0hS,4
jg_q12,4LRWPgG,4
jg_q12,YWCQ0Gk,3
jg_q12,DqxgFUK,3
jg_q12,BZIgbJX,3
jg_q12,0miq7X3,3
jg_q12,KG1xOms,3
jg_q12,LUSSXUM,3
jg_q12,X1dN83c,3
jg_q12,1aNlDg8,4
jg_q12,aMg03Qo,3
jg_q12,GKhCgnI,3
jg_q12,8wo1PC8,3
jg_q12,LhQ5pvA,3
jg_q12,hEWA5bS,3
jg_q12,h10UlZI,3
jg_q12,27rw31s,2
jg_q12,7vT2jsF,3
jg_q12,feXsW7D,3
jg_q12,ENMuxgs,3
jg_q12,1Rr1D8x,3
jg_q12,T2qCzvG,2
jg_q12,eQGOsPc,2
jg_q12,AMFjP7r,2
jg_q12,LzXJtsh,2
jg_q12,LlgjQ1R,2
jg_q12,vaui4lb,2
jg_q12,PEnYsFc,2
jg_q12,aXczgze,1
jg_q12,d9C7OAU,1
jg_q12,fgFGxLZ,1
jg_q12,xhNeK4k,1
jg_q12,NPs1KA0,1
jg_q12,ZAj4FTc,1
jg_q12,J79guCy,1
jg_q12,rSnHKSF,1
jg_q12,kkuQsqw,1
jg_q12,ooJ8g9u,1
jg_q12,YLizS66,1
jg_q12,BlP4Asb,1
jg_q12,3TK1fNE,1
jg_q12,b4VHcR2,1
jg_q12,N2G7Kqh,1
jg_q12,LkFNAd1,1
jg_q12,X2Lu9C8,1
jg_q12,pnlFHds,1
jg_q13,cUQ106O,4
jg_q13,EavY0BP,4
jg_q13,gIFIILt,4
jg_q13,fjn9ILY,4
jg_q13,cG0KlZu,4
jg_q13,lRgfKFb,4
jg_q13,AeycppB,4
jg_q13,v1I63Lk,4
jg_q13,6sX78uf,4
jg_q13,tVlsiZK,4
jg_q13,GlaOwNi,4
jg_q13,KZetpSE,2
jg_q13,bjnPzTN,2
jg_q13,gfWNnV2,3
jg_q13,rIAfVC0,3
jg_q13,qt9Tz3l,2
jg_q13,4IQSJLK,2
jg_q13,GFPG32W,2
jg_q13,xoA81hk,3
jg_q13,n7vxwEM,3
jg_q13,Jl3M74A,2
jg_q13,KCbSpuJ,2
jg_q13,Ss2IUmw,3
jg_q13,4wVCVky,3
jg_q13,vgMhZB1,2
jg_q13,oucaTMI,2
jg_q13,s1PZ1VL,3
jg_q13,ONADpLL,3
jg_q13,3iZ2lms,3
jg_q13,SyhiCG2,4
jg_q13,te8FRMi,2
jg_q13,wd1NB00,3
jg_q13,WF73EY8,4
jg_q13,gUBoaii,4
jg_q13,psgA4f9,3
jg_q13,Pj5WN95,2
jg_q13,K38M1eM,2
jg_q13,TYkZ5H9,2
jg_q13,vpVb3AA,2
jg_q13,D3xQPOm,2
jg_q13,jCzCeiv,1
jg_q13,5jmQCBF,4
jg_q13,xDH6PlY,3
jg_q13,jRhCQis,2
jg_q13,wXbDMtO,2
jg_q13,iCcA10L,2
jg_q13,V69dA4z,3
jg_q13,3r1I0ug,2
jg_q13,y1MwIMc,2
jg_q13,O9AXEyz,2
jg_q13,lREkoxO,2
jg_q13,TLuBXy2,4
jg_q13,7qPwPLu,2
jg_q13,6oLWhrW,2
jg_q13,dvHevGW,2
jg_q13,9R632tZ,2
jg_q13,3K93ivf,2
jg_q13,CmKDZkn,2
jg_q13,cNcnXdy,3
jg_q13,84FbXpM,2
jg_q14,lREkoxO,4
jg_q14,zjhHvRv,2
jg_q14,kD9vlcJ,2
jg_q14,sO01L2O,2
jg_q14,f8OgYOq,2
jg_q14,HUbxHZ7,0
jg_q14,P8b1OA5,0
jg_q14,W5pdv44,0
jg_q14,6vRXyFK,0
jg_q14,3dUkbMi,0
jg_q14,kMjoNYL,0
jg_q14,XaFHpVt,0
jg_q14,HkhHurR,0
jg_q14,ebC4vVd,0
jg_q14,VqwTNjU,4
jg_q14,TAhNvLK,2
jg_q14,sgExatm,0
jg_q14,OAe04hy,0
jg_q14,rV8T9iP,0
jg_q14,il6fGxE,0
jg_q14,npw0qGT,0
jg_q14,hi9bl3N,0
jg_q14,Rs7fkN5,0
jg_q14,R6KtNd4,0
jg_q14,cZdYazp,0
jg_q14,lKpnSlz,0
jg_q14,rdTuiMv,0
jg_q14,mZ9cLw1,0
jg_q14,4wWyEYt,0
jg_q14,hGcH2ij,0
jg_q14,7qxL4kQ,0
jg_q14,hpzYgph,0
jg_q14,a06dpk5,0
jg_q14,8zVZwzb,0
jg_q14,d0IF8Nk,0
jg_q14,oiyPMmX,0
jg_q14,LsEj6aj,4
jg_q14,Q5aOPOh,2
jg_q14,LcvbXap,0
jg_q14,tCxIAa2,0
jg_q14,vTWhR19,0
jg_q14,hfyR9bq,0
jg_q14,jPr6G4p,0
jg_q14,41wxg4p,0
jg_q14,ZYP3bNV,0
jg_q14,5nf0Lus,0
jg_q14,B0uBd6b,0
jg_q14,NsMKGs8,0
jg_q14,KvEPToV,0
jg_q14,nph2Vg6,0
jg_q15,LikMeXd,4
jg_q15,dftEmJJ,4
jg_q15,qeusRjF,4
jg_q15,1FpDhle,4
jg_q15,yHsD4Jy,3
jg_q15,HusghbL,3
jg_q15,vDx6upc,3
jg_q15,Yf4Cexz,3
jg_q15,5TOntMQ,3
jg_q15,aALhQwj,3
jg_q15,SluGjAr,3
jg_q15,jt4sI1a,3
jg_q15,RpdTzMn,3
jg_q15,P9YnsOr,3
jg_q15,FY0voOy,3
jg_q15,sypLxNR,3
jg_q15,5PZ4ab2,3
jg_q15,5EMzGH8,4
jg_q15,gntWq7a,3
jg_q15,wLNhYfZ,3
jg_q15,RPAgXwa,3
jg_q15,p0ZEUHd,3
jg_q15,KWIifkm,3
jg_q15,uUZhz1t,3
jg_q15,zPxHPhY,3
jg_q15,ywv7rzP,3
jg_q15,tQO3w83,3
jg_q15,mYqYd6K,3
jg_q15,89z39r1,3
jg_q15,TG2OTrg,3
jg_q15,vrQNSq9,3
jg_q15,wTIu2G2,3
jg_q15,lU1hzPM,3
jg_q15,Qwlwn5l,3
jg_q15,VUKB9ED,3
jg_q15,pgLP7GM,3
jg_q15,aNLTqXU,3
jg_q15,UqN5br7,3
jg_q15,5pUF3ah,3
jg_q15,XlT9fSQ,3
jg_q15,Q6wY0YF,4
jg_q15,FU9hQpt,4
jg_q15,kpoVHOE,4
jg_q15,qirjQJ5,4
jg_q15,koNixYH,4
jg_q15,XNrFsdx,4
jg_q15,Q2bj4CZ,3
jg_q15,1JpY01H,3
jg_q15,uR6aOpx,3
jg_q15,10OTJfy,3
jg_q15,TNLpcbv,3
jg_q15,kBHKeTu,2
jg_q15,NILsaSH,2
jg_q15,sElC23p,2
jg_q15,CImUQGD,2
jg_q15,f4AHNAq,2
jg_q16,7Aq8PKz,4
jg_q16,7nKVxpl,4
jg_q16,1Xna9UA,4
jg_q16,aem5uHt,4
jg_q16,xKKQEaL,4
jg_q16,XrYCUBK,3
jg_q16,MB8PXin,3
jg_q16,iM41G7S,3
jg_q16,lPm47VF,3
jg_q16,SZ5EJQk,3
jg_q16,DOWAxfX,3
jg_q16,5Y0yvms,3
jg_q16,rxO4OSu,3
jg_q16,1xykbXQ,3
jg_q16,pzjfRAD,3
jg_q16,r9sNwl2,3
jg_q16,7Nejwkm,3
jg_q16,bkWrUOk,3
jg_q16,QszysmD,3
jg_q16,nitwXu0,3
jg_q16,T1qdRzg,3
jg_q16,yDZs8Jm,3
jg_q16,rDHwvd4,3
jg_q16,CzHz3VU,3
jg_q16,HJ9xZlU,3
jg_q16,otebFh4,3
jg_q16,jh0Ij0q,3
jg_q16,a3sEpMG,3
jg_q16,nNQKQpi,3
jg_q16,WlGGacl,3
jg_q16,mbV7JQI,3
jg_q16,9IE80a6,3
jg_q16,zFPwo0U,3
jg_q16,AkU47pr,3
jg_q16,FqqI8jC,3
jg_q16,Ib9czq5,3
jg_q16,wRBbcPd,3
jg_q16,pwLX2iu,3
jg_q16,RjHX9HW,3
jg_q16,Nyd3SUp,3
jg_q16,hMuB8KS,3
jg_q16,ou3x4Pp,3
jg_q16,SEGgapc,3
jg_q16,31iftPB,3
jg_q16,lNDxb5b,3
jg_q16,uh7ZgMX,3
jg_q16,fr3u1x4,3
jg_q16,TMJhIWz,3
jg_q16,c558MGv,3
jg_q16,lIrU5iR,3
jg_q16,qUVWkng,3
jg_q17,BM5YOiz,4
jg_q17,CD1VOO4,4
jg_q17,8nQ5rxI,4
jg_q17,q96HNag,3
jg_q17,PC0e1Ma,4
jg_q17,kGyshli,4
jg_q17,WgFiofL,4
jg_q17,B6Q5GEh,4
jg_q17,CwQ9DCw,4
jg_q17,xd3ATeu,4
jg_q17,dKHsBTw,4
jg_q17,Mx2HvVF,4
jg_q17,y7XkynW,4
jg_q17,bHYj8gv,4
jg_q17,zsiKYum,3
jg_q17,woyhizP,4
jg_q17,oIeiu5p,4
jg_q17,FaHf2hM,4
jg_q17,f0TUcwr,4
jg_q17,ugcUfhv,4
jg_q17,fbPkjAp,4
jg_q17,Nn79FY1,4
jg_q17,uAPytdY,4
jg_q17,s2GN3xA,4
jg_q17,V9odFEz,4
jg_q17,MSwNkZT,4
jg_q17,UQWEzp1,4
jg_q17,6sySjF1,4
jg_q17,Wuw20Pa,4
jg_q17,ecBMz1U,4
jg_q17,YT6Kroz,4
jg_q17,FDIfcIv,4
jg_q17,j55O2ZQ,0
jg_q17,41GFtPx,0
jg_q17,fhFyzQ0,0
jg_q17,0VnpalB,0
jg_q17,Uk6rpud,0
jg_q17,2JVUvpk,0
jg_q17,DpNwPGV,0
jg_q17,GLcIYEV,0
jg_q17,2UYPfhq,0
jg_q17,SmJaIxM,0
jg_q17,hMdp6Le,0
jg_q17,BlP4Asb,4
jg_q17,dN3DjC3,4
jg_q17,0jCgEI4,4
jg_q17,9phV9t6,4
jg_q17,hbvcsl2,4
jg_q17,lu2xLlL,4
jg_q17,m1IWbVF,4
jg_q17,Y1PO3Vx,4
jg_q17,BI7Oaop,4
jg_q17,ilkKdwh,4
jg_q17,5qDbhcJ,4
jg_q17,F3lZ5HC,4
jg_q17,zXMLEDK,4
jg_q17,aPTZ35K,4
jg_q17,U53pSyM,4
jg_q17,MWMP1Eu,4
jg_q17,5B1GNfi,4
jg_q17,K42QV7B,4
jg_q18,1s1tFqm,4
jg_q18,oEt58VL,4
jg_q18,WOSc6wI,4
jg_q18,I8tcwtD,4
jg_q18,FX27zNe,4
jg_q18,BNixw8X,3
jg_q18,Iwc6vkR,3
jg_q18,RS5JZ5Q,3
jg_q18,TNYoRAP,3
jg_q18,38tMZII,3
jg_q18,ucRL1tQ,3
jg_q18,db0PfVB,3
jg_q18,OUEHoFv,3
jg_q18,NjTj8el,3
jg_q18,O5hBZxa,3
jg_q18,HrKONUK,3
jg_q18,HlYLoAQ,3
jg_q18,UkvuNGE,3
jg_q18,2R70Vka,3
jg_q18,btyearc,3
jg_q18,m8vDuBG,3
jg_q18,bX5wXuF,3
jg_q18,IWqNS6h,3
jg_q18,UqUkWPZ,3
jg_q18,0I4Ph3l,3
jg_q18,ERR8Hjl,3
jg_q18,T2C3TJO,3
jg_q18,5JQL60B,3
jg_q18,UxW2vXg,3
jg_q18,MhIrlPI,3
jg_q18,JJjPWXl,3
jg_q18,xXCqSxi,3
jg_q18,VSo1S0J,3
jg_q18,a5GmxG4,3
jg_q18,TAkAgiE,3
jg_q18,Zpokee9,3
jg_q18,wgxx8u0,3
jg_q18,6CT6Cv5,3
jg_q18,Ji3SrEi,3
jg_q18,TspzTTw,3
jg_q18,DQO8EvX,3
jg_q18,jmtQOeO,3
jg_q18,rcIRT2K,3
jg_q18,UryJeDz,3
jg_q18,DBYqZMx,1
jg_q18,DuwBo5V,1
jg_q18,f53Impk,1
jg_q18,1l94eG2,1
jg_q18,ETN1dSO,1
jg_q18,IbCZGIQ,1
jg_q18,RZqYMRb,1
jg_q18,9236qwI,1
jg_q18,b1G62mz,1
jg_q18,cekvcq0,1
jg_q18,gJagV1u,1
jg_q18,GkL1z68,1
jg_q18,YsMnw3F,1
jg_q18,ce1elX2,1
jg_q18,sVKe7Kb,1
jg_q18,jE0a9jI,1
jg_q18,0BannD8,1
jg_q18,LMCgIgY,1
jg_q18,oSYHSKO,1
jg_q18,OiA6AKk,1
jg_q18,HbhluTR,1
jg_q18,VGhDIrJ,1
jg_q18,EE3YKCz,1
jg_q18,lm9jJ59,1
jg_q18,c3AbRPv,1
jg_q18,Zqsq8Q8,1
jg_q18,Ea4LBIM,1
jg_q18,ZEICIzs,1
jg_q18,zT0Zuaw,1
jg_q18,qFoVIdi,1
jg_q18,1w0YHh3,1
jg_q18,iSXUmyO,1
jg_q18,IudlTY6,1
jg_q18,pI3PWjO,1
jg_q18,eTFQJJK,1
jg_q18,OsXV1uL,1
jg_q18,CbpKFsW,1
jg_q18,FyE8YIj,1
jg_q18,EAq9aIA,1
jg_q18,LJhWl1h,1
jg_q18,dW5G2rC,1
jg_q19,aaVLUeY,4
jg_q19,vZeImbx,4
jg_q19,l75Aw4g,3
jg_q19,sv6VfYD,3
jg_q19,NCADvXp,3
jg_q19,VftioFv,3
jg_q19,nPrFxVU,3
jg_q19,GzoXu2x,3
jg_q19,5IClHtH,2
jg_q19,ha2Alz7,3
jg_q19,GmFUwH1,2
jg_q19,fYOWx9V,3
jg_q19,GnZXe0N,2
jg_q19,SK57o8Q,4
jg_q19,1tS0Lr2,2
jg_q19,mjtk2If,2
jg_q19,PGxJ172,2
jg_q19,xcgvM9d,2
jg_q19,QIRrmKf,2
jg_q19,cdSMuL1,2
jg_q19,qvApxXN,2
jg_q19,Ux018zR,2
jg_q19,vJNhyf4,2
jg_q19,YqG8NR3,2
jg_q19,UnLaAlx,2
jg_q19,aV7jcWI,2
jg_q19,QfPEwxi,2
jg_q19,WwguxrC,2
jg_q19,KXfGRU0,2
jg_q19,00z22Cx,2
jg_q19,RqSICyn,2
jg_q19,UNfUb29,2
jg_q19,uApZX4u,2
jg_q19,RjNJLs2,2
jg_q19,sG0nAVx,2
jg_q19,x4B8ors,2
jg_q19,RbiQLHG,2
jg_q19,D5ntEHE,2
jg_q19,DTkAimI,2
jg_q19,FZEhhRW,2
jg_q19,q4KTDbr,2
jg_q19,MQzK7QP,2
jg_q19,kPp5uYA,2
jg_q19,fPWxBdZ,2
jg_q19,Urp6Zjv,2
jg_q19,j3YkunA,2
jg_q19,7zLoOu6,2
jg_q19,11OEME3,2
jg_q19,3Z7F0vo,2
jg_q19,QfXGheV,2
jg_q19,F8TpB5L,2
jg_q19,886aDGw,2
jg_q19,EAy8ygK,2
jg_q20,y4jFrXF,4
jg_q20,Zf95p2f,4
jg_q20,S40GyaO,2
jg_q20,CtrQ506,3
jg_q20,2hVMVdW,4
jg_q20,KE6XZmr,3
jg_q20,gFlCrmL,4
jg_q20,1nEvxnK,3
jg_q20,GQvpXKX,3
jg_q20,psOMIVa,2
jg_q20,oDIg9Cq,4
jg_q20,KmQsVwP,3
jg_q20,li5r6DC,3
jg_q20,NoEsShC,3
jg_q20,EuiC4Gi,2
jg_q20,Kg1pNFm,4
jg_q20,TjhI3dX,4
jg_q20,g9U973X,4
jg_q20,MGZM6WL,4
jg_q20,fwARKDZ,3
jg_q20,PXdBg1B,3
jg_q20,F8sANy4,3
jg_q20,a5vC7UZ,2
jg_q20,3oty136,2
jg_q20,diwVPts,2
jg_q20,KqzOxeH,2
jg_q20,SlsyBgr,2
jg_q20,ZMkywhx,2
jg_q20,sh98ebS,4
jg_q20,VQUtEGg,4
jg_q20,uBIMUGd,2
jg_q20,bzW8caV,2
jg_q20,Id64bLl,2
jg_q20,Btqm7fW,1
jg_q20,cHOguEJ,1
jg_q20,egUIyuw,1
jg_q20,AV3gI8d,1
jg_q20,eA6yR0k,1
jg_q20,PFanMoj,1
jg_q20,Yp2p4qs,1
jg_q20,fBVd3vw,1
jg_q20,BoXSrxt,1
jg_q20,AjRhj5J,1
jg_q20,0hs5csX,2
jg_q20,SiCHfW5,1
jg_q20,R2alk4p,1
jg_q20,E59L1cJ,1
jg_q20,AUy9MiL,1
jg_q20,lSClify,1
jg_q20,q56HwXE,1
jg_q20,c0lzzwZ,1
jg_q20,1U94wCe,1
jg_q20,G5z6mDm,1
jg_q20,ZqFo7l6,1
jg_q20,2PuMeaK,1
jg_q20,ni04kXR,1
jg_q20,VHM9VaH,1
jg_q20,B934Abf,1
jg_q20,l5uNkvq,1
zy_q00,5ZJWHhc,3
zy_q00,tVzlB6t,3
zy_q00,vDVutaY,3
zy_q00,ZQDW40R,3
zy_q00,O5adJE2,3
zy_q00,TFgEKLd,2
zy_q00,z4ttlmU,3
zy_q00,51Db3W6,2
zy_q00,WdH5oqB,3
zy_q00,1SpTT3j,4
zy_q00,Dn8uO4J,3
zy_q00,1spvMyb,3
zy_q00,5kmp2JI,3
zy_q00,7rkcuRF,3
zy_q00,5XcRWY8,3
zy_q00,lljOuuv,2
zy_q00,oz3ZlKh,3
zy_q00,AoKdnQY,2
zy_q00,6ZKAXNX,2
zy_q00,864PrIv,2
zy_q00,V20Cgvr,2
zy_q00,QmhDkay,1
zy_q00,TBSjD3g,1
zy_q00,WAuVJkX,1
zy_q00,spmnSYn,1
zy_q00,svU2T5X,2
zy_q00,bDkPB6c,2
zy_q00,IrN9JUO,3
zy_q00,W07GcnD,2
zy_q00,ulUIQzA,2
zy_q00,omGB5KX,3
zy_q00,uWKOb6y,1
zy_q00,77DbFlv,1
zy_q00,vIev0Ml,1
zy_q00,ccuwXVM,1
zy_q00,cxCdw4P,1
zy_q00,Qbp8vZr,1
zy_q00,ra44C27,1
zy_q00,AyoJAOl,1
zy_q00,AgWIzOF,1
zy_q00,jWvfoxA,1
zy_q00,C4QH1uB,1
zy_q00,3FLzPcU,1
zy_q00,7wjAKjP,1
zy_q00,8qFXKVe,1
zy_q00,DwpCydp,1
zy_q00,MKtdouW,1
zy_q00,Ep6EBof,3
zy_q00,Nra7hR1,0
zy_q00,SfnkpVA,2
zy_q00,TeEWWrQ,0
zy_q00,yzqvQuC,2
zy_q00,Ea818F9,0
zy_q00,OytFA92,1
zy_q00,b0OzGjc,0
zy_q01,cPi69u3,3
zy_q01,SspyNKC,3
zy_q01,2JW1Iub,3
zy_q01,PJKK6zi,3
zy_q01,2bsxZWP,2
zy_q01,00JEZqL,3
zy_q01,ld9f4Lx,3
zy_q01,1e3meBS,3
zy_q01,eUR5X3b,3
zy_q01,cH8JxwS,3
zy_q01,jaHhBT9,3
zy_q01,pXTLec1,3
zy_q01,p0Ezrtv,3
zy_q01,o2qkQTf,3
zy_q01,tTMF3tS,3
zy_q01,cjMsXfY,3
zy_q01,f9XXmiW,2
zy_q01,2wqPXoK,1
zy_q01,AAaPSDS,1
zy_q01,ifPZANm,1
zy_q01,VHC9VZF,1
zy_q01,A7XR8tE,1
zy_q01,eeYGiKh,1
zy_q01,pLQT6Y2,1
zy_q01,CGnvr1i,1
zy_q01,5Vs2rYK,1
zy_q01,G9GKdNR,1
zy_q01,jT4XeCq,1
zy_q01,fMcHcKa,1
zy_q01,UT05Oqe,1
zy_q01,3jsLFuq,1
zy_q01,EsVMHTR,1
zy_q01,wcmc20f,1
zy_q01,LzDqIFE,1
zy_q01,UAdf7XZ,1
zy_q01,xY6ovUY,2
zy_q01,u96MS1h,1
zy_q01,6CuFFRf,2
zy_q01,OK2yGxM,1
zy_q01,gGsZTbZ,1
zy_q01,tBitey0,1
zy_q01,LYsJjDZ,1
zy_q01,Q1E7VIz,2
zy_q01,5L2hOqa,1
zy_q01,ktsGeBb,1
zy_q01,lcGLNwS,1
zy_q01,O3qMFuk,1
zy_q01,kicTVil,1
zy_q01,rZAXAgO,1
zy_q01,s0xiy7K,1
zy_q02,0315PBK,4
zy_q02,kmTiofc,4
zy_q02,zpD25aY,4
zy_q02,ira4bDr,4
zy_q02,sSXZWLE,4
zy_q02,qSjANYe,4
zy_q02,gskWpHO,4
zy_q02,DrZK2ei,4
zy_q02,luDtAZt,3
zy_q02,NOad19o,2
zy_q02,DP1J0gW,2
zy_q02,Bpeli2X,2
zy_q02,nhKj1wC,2
zy_q02,90Dnp6O,2
zy_q02,5yb1J8L,2
zy_q02,hUU8vCs,2
zy_q02,UK0RpMV,2
zy_q02,giiSH2c,2
zy_q02,Ea818F9,2
zy_q02,sDY1Kbt,2
zy_q02,hwQt0ZI,2
zy_q02,YRTLRYg,2
zy_q02,pmLtOSf,2
zy_q02,zpFG4Ip,2
zy_q02,hL2ODrD,2
zy_q02,euHeq3N,2
zy_q02,1JI4Yf5,2
zy_q02,oayDg8r,2
zy_q02,REBIgCx,1
zy_q02,FlsZPa9,2
zy_q02,XH4tklu,2
zy_q02,QOPW1O9,2
zy_q02,CwVJDLq,1
zy_q02,4sLJ0Ad,1
zy_q02,LgBB15e,1
zy_q02,uiVc7sS,1
zy_q02,Pv1GUte,1
zy_q02,8fSSjrt,1
zy_q02,yPqfUdr,1
zy_q02,m7fR32i,1
zy_q02,jOfUPid,1
zy_q02,FlFM95V,1
zy_q02,ZN7oofd,4
zy_q02,ZLljBi9,1
zy_q02,HAlW8wq,1
zy_q02,G4YGAvB,1
zy_q02,xn64Yjk,4
zy_q02,4Jq3qrq,1
zy_q02,psdkl03,4
zy_q02,0Dnhkvk,1
zy_q02,MWojHqU,2
zy_q02,qoKzpqP,2
zy_q02,BCBfW2O,2
zy_q02,Cq3kOvj,2
zy_q02,gBhk6Z8,2
zy_q02,t93KJvH,2
zy_q02,9ouYQ8X,2
zy_q02,z1AQYlH,2
zy_q02,bG906CS,2
zy_q02,hX3qhC1,2
zy_q02,f8Sh69b,2
zy_q02,hfIjS5e,2
zy_q02,YBZLu2R,2
zy_q02,ANkGlHN,2
zy_q02,CnerlvZ,2
zy_q02,Or2H6S4,2
zy_q02,Vwkp2PB,2
zy_q02,yUDfWMG,2
zy_q03,mY5cyKT,4
zy_q03,TIL1Pxn,4
zy_q03,KK5ie1p,4
zy_q03,TuDuDrM,3
zy_q03,TXZLDMv,3
zy_q03,yTQiRPZ,3
zy_q03,Ts03uVu,3
zy_q03,vGoICNQ,2
zy_q03,wARZU53,2
zy_q03,HsMe92Q,2
zy_q03,awTmgIe,3
zy_q03,m0mmzlp,1
zy_q03,1FDYcHT,1
zy_q03,WXErbL4,1
zy_q03,HKp6LE6,1
zy_q03,n5nHa8C,1
zy_q03,vvCDPhZ,1
zy_q03,LFJEOCh,1
zy_q03,bHNMtxY,1
zy_q03,N0W2zj2,1
zy_q03,gNJ1Fdk,1
zy_q03,kgBUEDN,1
zy_q03,NWoQs71,1
zy_q03,ut81Fc4,1
zy_q03,IxbkTDn,1
zy_q03,Uir6FQW,1
zy_q03,7jSvahs,1
zy_q03,cHAtszU,1
zy_q03,YqXV5PD,1
zy_q03,iiA4i6p,1
zy_q03,FmJ7QHG,1
zy_q03,gt4VuJ8,1
zy_q03,gom0Zv6,1
zy_q03,a30ycoE,1
zy_q03,FvaLtIp,1
zy_q03,1dV79eA,1
zy_q03,Y1z65Xq,1
zy_q03,xMOkFE5,1
zy_q03,RK2UBXh,2
zy_q03,MhfJuzR,1
zy_q03,o78irp0,1
zy_q03,CzUgmwq,1
zy_q03,wxOborV,1
zy_q03,B0xbOxH,1
zy_q03,N5Wo1fM,1
zy_q03,9w13Mpo,1
zy_q03,Nxfq7OC,1
zy_q03,2rapwba,1
zy_q03,Ht0FsCI,1
zy_q03,FYRNdcC,1
zy_q03,abvdAq8,1
zy_q03,uQmZ8gT,1
zy_q04,D24xCiT,3
zy_q04,zpFG4Ip,3
zy_q04,dmKrnAM,3
zy_q04,vPjk5j2,3
zy_q04,foJCqZM,3
zy_q04,B6R88K6,3
zy_q04,flJHtFJ,3
zy_q04,qoKzpqP,3
zy_q04,bG906CS,3
zy_q04,V2NUYBm,3
zy_q04,nBH4YV1,3
zy_q04,GYe5MIT,3
zy_q04,UxiqoG8,3
zy_q04,0315PBK,3
zy_q04,bqCPyEz,3
zy_q04,hXNe6VY,3
zy_q04,XhQqZlQ,3
zy_q04,MJyJ0iu,3
zy_q04,boTuM37,3
zy_q04,8wDLqvY,3
zy_q04,32eZQQ0,3
zy_q04,qCErlOR,3
zy_q04,0FLkvbG,3
zy_q04,h5C2h7m,3
zy_q04,57fz4ai,3
zy_q04,C9EU879,3
zy_q04,3icVNCn,3
zy_q04,yCJ0zTY,3
zy_q04,MWojHqU,2
zy_q04,xHXklbj,3
zy_q04,vBVar8F,3
zy_q04,n9X6hgs,2
zy_q04,jfZMNAE,3
zy_q04,IeAXjad,3
zy_q04,oGhglc1,3
zy_q04,luDtAZt,2
zy_q04,ZyK7J8S,2
zy_q04,yIEHSok,3
zy_q04,koVvqRk,3
zy_q04,Im8FHrc,3
zy_q04,heakGeW,3
zy_q04,NOad19o,2
zy_q04,hwQt0ZI,2
zy_q04,Bpeli2X,2
zy_q04,nhKj1wC,2
zy_q04,90Dnp6O,2
zy_q04,5yb1J8L,2
zy_q04,hUU8vCs,2
zy_q04,UK0RpMV,2
zy_q04,giiSH2c,2
zy_q04,sDY1Kbt,2
zy_q04,DP1J0gW,2
zy_q04,Ea818F9,2
zy_q04,QOPW1O9,2
zy_q04,XH4tklu,2
zy_q05,8SWRNzT,4
zy_q05,s0xiy7K,4
zy_q05,gGsZTbZ,2
zy_q05,z0KmRxS,3
zy_q05,VRAa0Sl,4
zy_q05,BpCreyS,3
zy_q05,KZpCWXq,4
zy_q05,A7XR8tE,2
zy_q05,5Vs2rYK,2
zy_q05,CGnvr1i,2
zy_q05,eeYGiKh,2
zy_q05,AAaPSDS,2
zy_q05,VHC9VZF,2
zy_q05,jT4XeCq,2
zy_q05,ifPZANm,2
zy_q05,2wqPXoK,2
zy_q05,G9GKdNR,2
zy_q05,pLQT6Y2,1
zy_q05,fMcHcKa,1
zy_q05,wcmc20f,1
zy_q05,6CuFFRf,2
zy_q05,u96MS1h,1
zy_q05,xY6ovUY,2
zy_q05,LzDqIFE,2
zy_q05,UAdf7XZ,1
zy_q05,EsVMHTR,1
zy_q05,3jsLFuq,1
zy_q05,UT05Oqe,2
zy_q05,5L2hOqa,2
zy_q05,QuVArp5,1
zy_q05,9kGa7qG,2
zy_q05,tBitey0,1
zy_q05,00JEZqL,2
zy_q05,LYsJjDZ,1
zy_q05,Q1E7VIz,2
zy_q05,kicTVil,1
zy_q05,ld9f4Lx,1
zy_q05,OK2yGxM,1
zy_q05,lcGLNwS,1
zy_q05,O3qMFuk,1
zy_q05,rZAXAgO,1
zy_q05,Y9DLYks,1
zy_q05,oDPAu42,2
zy_q05,J4t7UXu,1
zy_q05,0owdWPg,2
zy_q05,nAFGTuN,1
zy_q05,DhrPtah,1
zy_q05,oJatMXZ,1
zy_q05,2bsxZWP,2
zy_q05,PQsYrWf,1
zy_q05,ktsGeBb,2
zy_q06,2GuYBIq,4
zy_q06,2epKJA2,4
zy_q06,GvpgfkQ,4
zy_q06,XKaRiOz,3
zy_q06,jxLR3N7,4
zy_q06,43p1SGA,4
zy_q06,CRsDg8c,4
zy_q06,SQ8Eiyq,4
zy_q06,2ZbW2fA,4
zy_q06,Q4SqOb9,3
zy_q06,AbSRBOk,2
zy_q06,Qp1QDNk,3
zy_q06,BINkCAG,2
zy_q06,Qyozg0b,2
zy_q06,YLkPV9p,3
zy_q06,qTIMDfI,2
zy_q06,rZVxOz4,2
zy_q06,6KiUuTW,2
zy_q06,PsfTFMj,2
zy_q06,WIkT8Tu,2
zy_q06,68oVxTq,2
zy_q06,QyZeAIe,1
zy_q06,qYqUr0J,2
zy_q06,d38PtcL,2
zy_q06,lrMP7vd,2
zy_q06,fX9iizD,2
zy_q06,37nHIiK,2
zy_q06,WD2ntxh,2
zy_q06,GMFqGOc,2
zy_q06,nUU63GS,2
zy_q06,4x5lzoL,2
zy_q06,pTWiaGE,2
zy_q06,Cro3Uda,1
zy_q06,NM7gU3u,1
zy_q06,N8z16g0,2
zy_q06,QefmwQc,2
zy_q06,bSUFAX7,2
zy_q06,EMTBYpQ,2
zy_q06,QIqut1w,2
zy_q06,M2OIrgz,2
zy_q06,zSXHEJy,1
zy_q06,WFjEymo,2
zy_q06,pfa5UZz,2
zy_q06,5Eqq0eO,1
zy_q06,lbIbyGE,2
zy_q06,6nD1MQg,1
zy_q06,Ab36Ty9,2
zy_q06,FGC3U9Q,1
zy_q06,gyyKuRX,1
zy_q06,viogYd1,1
zy_q06,rn9ZFcc,2
zy_q06,pzDLLGA,1
zy_q06,wARZU53,2
zy_q07,VYXO8wf,3
zy_q07,TquQY8m,3
zy_q07,BoxBMQ6,3
zy_q07,Wjqog6P,3
zy_q07,0HWGF1j,3
zy_q07,G9xQ4uY,2
zy_q07,YLnt7jb,3
zy_q07,ucIVIip,2
zy_q07,6XBRT8e,2
zy_q07,adXHuan,3
zy_q07,grvVX5S,3
zy_q07,GLyYaCF,3
zy_q07,J0bPdXj,2
zy_q07,tjjXAye,2
zy_q07,1Ym4Ty1,2
zy_q07,SVmGTkG,2
zy_q07,h5aTfED,3
zy_q07,Xhnbusw,2
zy_q07,ouNXnkv,3
zy_q07,2Xpu8NC,3
zy_q07,vrqRZtL,3
zy_q07,fP9DSWZ,3
zy_q07,0dTPNLU,3
zy_q07,RWENCtB,2
zy_q07,InhTOSh,2
zy_q07,OwEMh4t,2
zy_q07,9KuNHem,2
zy_q07,ne1Lroj,2
zy_q07,xfOu8sW,1
zy_q07,WO259sE,2
zy_q07,Js7Q7LY,2
zy_q07,mdyDhpZ,1
zy_q07,0TsbeZd,2
zy_q07,cYWwHkP,2
zy_q07,FxTJXzC,2
zy_q07,4Brp435,2
zy_q07,6hrt2J7,2
zy_q07,qc5StD2,2
zy_q07,2oN8BLw,2
zy_q07,6ZUZJPM,1
zy_q07,los5wYf,1
zy_q07,mhOUwZl,1
zy_q07,2eIciuE,1
zy_q07,gDlvcNB,1
zy_q07,vSm3u7O,1
zy_q07,YzA9PZ0,2
zy_q07,8KRivhX,2
zy_q07,kFJn5lG,2
zy_q07,NBlJ3l4,2
zy_q07,58j97wE,2
zy_q08,orCM2ZL,4
zy_q08,cbSjBAG,4
zy_q08,fMFh0tt,3
zy_q08,Dj5cEt4,3
zy_q08,GpjQfgz,4
zy_q08,LJ5zNuV,3
zy_q08,GS290Ld,3
zy_q08,624ruVA,4
zy_q08,NLHMNhc,3
zy_q08,nizWmPv,3
zy_q08,YW9cKzs,3
zy_q08,rUMa3Ll,3
zy_q08,huLJSEn,3
zy_q08,lJPoMWQ,2
zy_q08,YyQbG5E,3
zy_q08,CG0Mp8J,3
zy_q08,vGC5jYp,3
zy_q08,sJd9Arz,3
zy_q08,ieE1lXr,3
zy_q08,spmON5S,3
zy_q08,BNdk234,3
zy_q08,QlClJ4s,3
zy_q08,HL2ChYr,3
zy_q08,frR9knc,3
zy_q08,v7DOocl,3
zy_q08,8zjjnRY,3
zy_q08,gr9nykW,4
zy_q08,MtKkrn9,2
zy_q08,2IlpdYp,3
zy_q08,dSsQq1g,3
zy_q08,mZPbLAJ,2
zy_q08,cb1lwM9,2
zy_q08,toXvFhY,2
zy_q08,IBUaOra,2
zy_q08,epAJO2Q,2
zy_q08,sH5g9fX,2
zy_q08,Ss2IUmw,2
zy_q08,TquQY8m,2
zy_q08,HlaYEo7,2
zy_q08,GTxJuGm,2
zy_q08,zDJmemr,2
zy_q08,iOB1HcU,2
zy_q08,Cw3MZPL,2
zy_q08,5V7uyuH,2
zy_q08,JP1XAyl,2
zy_q08,D10osIi,2
zy_q08,I1v3Z7F,2
zy_q08,6SOkUtH,2
zy_q08,SMel6PD,1
zy_q08,Gcpe9H6,2
zy_q08,b2KVkI9,2
zy_q09,DTfT9Qo,3
zy_q09,GqIiQhQ,2
zy_q09,hTkLinh,3
zy_q09,TV8v966,3
zy_q09,LJ5zNuV,2
zy_q09,24Kicft,2
zy_q09,5cXBasm,2
zy_q09,ZZblYJ2,2
zy_q09,o6fDN2S,2
zy_q09,p3CAOT1,1
zy_q09,zQAw4dZ,1
zy_q09,V4O2uAd,2
zy_q09,n1rWyr8,2
zy_q09,WBEuLaX,2
zy_q09,tjjXAye,2
zy_q09,oQLXP6e,3
zy_q09,9Nh1Tr9,2
zy_q09,zOnFXId,1
zy_q09,BBKdb0A,2
zy_q09,O9fW78R,2
zy_q09,OwEMh4t,1
zy_q09,9KuNHem,1
zy_q09,ne1Lroj,1
zy_q09,FNJ5HXX,1
zy_q09,Q64smJn,1
zy_q09,U23waOP,2
zy_q09,6ZUZJPM,2
zy_q09,los5wYf,2
zy_q09,mhOUwZl,2
zy_q09,2eIciuE,2
zy_q09,gDlvcNB,1
zy_q09,vSm3u7O,1
zy_q09,gntWq7a,1
zy_q09,fkJGunk,1
zy_q09,nGgiosx,1
zy_q09,WdNq7yz,1
zy_q09,gwdT1Jx,1
zy_q09,VpPEHMX,1
zy_q09,gEELKdJ,1
zy_q09,g9Ogxqx,1
zy_q09,yzybJAD,1
zy_q09,T3SqKDI,1
zy_q09,ZE7pKz0,1
zy_q09,3a7P3zF,1
zy_q09,l6KZc47,1
zy_q09,wfJRe0s,1
zy_q09,fn71pcZ,1
zy_q09,2MMTXfu,1
zy_q09,S1RLHzs,1
zy_q09,TTcSsfR,1
zy_q10,qahgi4T,4
zy_q10,3SKFJa8,4
zy_q10,mMpFHpO,4
zy_q10,vc91wFa,4
zy_q10,tJyxgyM,4
zy_q10,SKUvwyE,4
zy_q10,15WfEjx,2
zy_q10,tpX6hdp,2
zy_q10,5qOpiNK,2
zy_q10,gZq6uds,2
zy_q10,PXBFuyR,2
zy_q10,DSUkHaW,2
zy_q10,3XuktFc,2
zy_q10,U8OYdrr,2
zy_q10,3r8BfJD,2
zy_q10,6i2m70k,2
zy_q10,0hs5csX,3
zy_q10,xqJND5w,2
zy_q10,j1fUrS5,2
zy_q10,DTkAimI,2
zy_q10,Gsi8i2F,2
zy_q10,DHTe25g,2
zy_q10,lbT24JU,2
zy_q10,j6OOC41,2
zy_q10,sGNra3d,2
zy_q10,W7l9LXV,2
zy_q10,o9ki12c,2
zy_q10,QkQSB4L,2
zy_q10,vXLbyY7,2
zy_q10,MHUAcys,2
zy_q10,cTR39FI,2
zy_q10,7IJIdRq,2
zy_q10,0K1xKjO,2
zy_q10,UOrL8ut,2
zy_q10,ExZrwoG,2
zy_q10,XOzjJuz,2
zy_q10,KKWFjTa,2
zy_q10,nQOIAnU,1
zy_q10,WQFbs9S,2
zy_q10,TtW3ti5,2
zy_q10,M22ycq7,2
zy_q10,QNxRTcX,1
zy_q10,qSed60O,2
zy_q10,5qX4RNf,2
zy_q10,XbA635U,2
zy_q10,zjhZ0eD,2
zy_q10,DohpEXl,2
zy_q10,NMEWv1e,2
zy_q10,gngBsiq,2
zy_q10,djb3YQl,2
zy_q10,bKK17kj,2
zy_q11,jov31as,4
zy_q11,AzvLniq,4
zy_q11,u0wxQwm,4
zy_q11,GdSWNGo,4
zy_q11,sfbdO7N,4
zy_q11,UZN276P,4
zy_q11,VHUacDP,4
zy_q11,Gbn8Gox,4
zy_q11,351ON4S,4
zy_q11,F1t8qlA,4
zy_q11,UP1Vmhg,4
zy_q11,3lMOqIv,4
zy_q11,D8yI240,4
zy_q11,O688239,4
zy_q11,3SwVfNW,4
zy_q11,o2WYc31,4
zy_q11,DKK6P86,4
zy_q11,lU4HVfg,3
zy_q11,5aPL7AE,3
zy_q11,zCqdns1,4
zy_q11,p6BgwEk,4
zy_q11,MMYMLDI,4
zy_q11,mpW5LOk,4
zy_q11,iFNgTPo,3
zy_q11,cG2C1dw,4
zy_q11,bEJB7sy,4
zy_q11,WSIHJhS,4
zy_q11,HzWXcTN,4
zy_q11,unaLndd,4
zy_q11,5I7bhG0,3
zy_q11,KZeUsm8,4
zy_q11,LQhLiBh,4
zy_q11,CBeevug,3
zy_q11,YPd3GQY,4
zy_q11,KjPAyCI,2
zy_q11,ybRs15F,4
zy_q11,yzsZ8RF,4
zy_q11,H3oZ0OI,4
zy_q11,SnBmPvZ,3
zy_q11,T9lRJlj,4
zy_q11,uuOD48k,3
zy_q11,EKfumvn,2
zy_q11,aUgXdp0,4
zy_q11,86YIzhn,4
zy_q11,1i4WgnK,4
zy_q11,UuEI5gw,4
zy_q11,RoLhm5a,4
zy_q11,3Qkhj4l,4
zy_q11,ZJtRk88,1
zy_q11,od2YArn,0
zy_q11,glhXd4z,4
zy_q11,zWghuPu,4
zy_q12,gEL61UW,4
zy_q12,gvryHwD,4
zy_q12,QB0poPD,4
zy_q12,lU1psil,4
zy_q12,POOSHh8,2
zy_q12,GXreXoM,2
zy_q12,KmqqRuU,2
zy_q12,0s2OC9H,1
zy_q12,Y0FSCFU,1
zy_q12,zVGIXVS,2
zy_q12,XrITEVy,2
zy_q12,KqSyF7j,3
zy_q12,cHAtszU,2
zy_q12,hTHfdHh,2
zy_q12,c1LoIXP,1
zy_q12,wK5LcJw,2
zy_q12,SELYkt6,1
zy_q12,KhK1uts,2
zy_q12,EXvbQgY,2
zy_q12,gcxPYBr,2
zy_q12,09Yrle4,2
zy_q12,ZCKRZkH,2
zy_q12,OugQFS5,2
zy_q12,Do1ooFj,1
zy_q12,GtPxP6x,2
zy_q12,25Hp63Z,2
zy_q12,Z7KEnOy,2
zy_q12,R2zNHLr,1
zy_q12,FL8T9ao,1
zy_q12,OBzr4r1,1
zy_q12,C5PwMhx,2
zy_q12,OdfkdNk,2
zy_q12,9NMZKWR,1
zy_q12,bBt8PYz,2
zy_q12,DqxgFUK,1
zy_q12,TZnNI2X,2
zy_q12,uyQ6hF2,2
zy_q12,yOr7MAy,2
zy_q12,xPUf0M3,2
zy_q12,DzXWqM1,2
zy_q12,q8I63UI,2
zy_q12,qDwgPwE,1
zy_q12,OI3rBDj,1
zy_q12,IJYDUX9,2
zy_q12,yqohUG5,2
zy_q12,G1LHgYQ,2
zy_q12,Cp0y3ZY,2
zy_q12,jBAOoNp,2
zy_q12,nJJyYd4,1
zy_q12,L2URgJw,1
zy_q13,BLcPiqq,4
zy_q13,PIKKg5J,4
zy_q13,p1Cbj30,3
zy_q13,iTtNlIA,2
zy_q13,qjMqPjV,2
zy_q13,LHCvKHc,3
zy_q13,YssCFi7,2
zy_q13,WAVkgve,2
zy_q13,D0Q4BUY,2
zy_q13,4hrMyyy,3
zy_q13,VAunSxW,2
zy_q13,07Mm8lB,2
zy_q13,uEBUvTP,2
zy_q13,3MJYlAS,2
zy_q13,kkVkIrE,2
zy_q13,WAdUhMf,2
zy_q13,d9uZRyn,2
zy_q13,ZgF7X6y,2
zy_q13,qv0MuDa,2
zy_q13,UB3TlWo,2
zy_q13,XLaVVIC,2
zy_q13,IMhNH4h,2
zy_q13,aiSdsyz,2
zy_q13,OUXCwKd,2
zy_q13,JaFElcC,2
zy_q13,em2PkQb,2
zy_q13,UuLeqcq,2
zy_q13,lWlnPog,2
zy_q13,iUPUQbh,2
zy_q13,uXcmFtQ,2
zy_q13,GgEuKek,2
zy_q13,SHo4m1Y,2
zy_q13,gjlHKQn,1
zy_q13,nshnddX,2
zy_q13,yicj88c,2
zy_q13,mVuTXrH,2
zy_q13,v3ti9Qh,2
zy_q13,xAxA8VR,2
zy_q13,MxqUqxR,2
zy_q13,EFmMgzC,2
zy_q13,5AYy2K3,2
zy_q13,vE5JwQx,2
zy_q13,UfPkeHT,2
zy_q13,1rND6hX,2
zy_q13,NN1wGg3,2
zy_q13,opsIg5V,1
zy_q13,kEq5guh,2
zy_q13,xpkFONj,2
zy_q13,pQqIU7T,2
zy_q13,kpS3jIf,2
zy_q13,Xl4UQRa,2
zy_q13,IABDtbj,2
zy_q13,qaZWZRA,2
zy_q13,AnJZYRy,1
zy_q13,ne94TWM,2
zy_q14,j3LrF23,4
zy_q14,77WHKBA,4
zy_q14,3FqL2qq,3
zy_q14,Q4FWCzJ,3
zy_q14,cRNMvf6,4
zy_q14,TkuvbQ9,4
zy_q14,p9v53MB,4
zy_q14,4snIT0i,4
zy_q14,71zycxE,4
zy_q14,5GGplSS,4
zy_q14,LzGF8Ei,4
zy_q14,AB7vTAx,3
zy_q14,c2hOxNU,4
zy_q14,zdX1nfd,4
zy_q14,fROCzjs,4
zy_q14,YPPRGus,4
zy_q14,sQvGxHw,3
zy_q14,AMTPkvJ,4
zy_q14,d9DGgCR,4
zy_q14,nFlP0j6,4
zy_q14,ULgnydI,3
zy_q14,zSxLcOi,3
zy_q14,Hqg16OL,4
zy_q14,mBCLXXR,3
zy_q14,qCnAxjQ,4
zy_q14,zIrj0dQ,4
zy_q14,7GQdP1c,4
zy_q14,gkFQ209,4
zy_q14,mQw4U79,3
zy_q14,ng9TOZ5,4
zy_q14,rVG69Pn,4
zy_q14,hB1lnrX,4
zy_q14,JNE27OP,4
zy_q14,ixS0893,4
zy_q14,blTRafW,4
zy_q14,GYYk2H5,4
zy_q14,fDCWBT4,4
zy_q14,AlIBEYt,4
zy_q14,EhdVk6N,4
zy_q14,pWBWxSr,4
zy_q14,6cwaUpz,4
zy_q14,IpirdXA,4
zy_q14,eSCNAef,4
zy_q14,7maFekL,4
zy_q14,zb5pqMe,2
zy_q14,Jj22crJ,4
zy_q14,SkEpWWw,4
zy_q14,kaumvEY,3
zy_q14,5XYznpc,4
zy_q14,Out0TRU,3
zy_q15,JJ9LkgQ,4
zy_q15,A1ZQGzA,4
zy_q15,zZc26AL,4
zy_q15,ozIeR3t,4
zy_q15,p6mtvFJ,4
zy_q15,O50ZxRx,4
zy_q15,oHGYH5p,4
zy_q15,T7tht0w,4
zy_q15,y4fmyTH,4
zy_q15,cS1c9Nd,4
zy_q15,XwkXwQY,4
zy_q15,69yx0YC,4
zy_q15,yfknqiA,4
zy_q15,XQXARCm,4
zy_q15,vaKnGYj,4
zy_q15,zeqUiBy,4
zy_q15,s7THnWg,4
zy_q15,vEhdemS,4
zy_q15,lCYybhK,4
zy_q15,7kqeDMB,4
zy_q15,HxFMr7l,4
zy_q15,BbgY9F1,4
zy_q15,o8vSPxc,4
zy_q15,rKvf1X1,4
zy_q15,FhkxjIH,4
zy_q15,DfHEff8,4
zy_q15,Dyem2fT,4
zy_q15,q5s6mlE,3
zy_q15,WROHgaW,4
zy_q15,C2Xxsra,4
zy_q15,01a7sCg,4
zy_q15,mCjHFzm,4
zy_q15,rhoNPGC,4
zy_q15,1F1E97W,4
zy_q15,3d8knEw,4
zy_q15,lC9rtAJ,4
zy_q15,0waQd2G,4
zy_q15,1UKHBIk,4
zy_q15,fixD0b2,4
zy_q15,dBQyUeQ,4
zy_q15,jKRaKEJ,4
zy_q15,r5suNjc,4
zy_q15,1K4mPGA,4
zy_q15,vQsJB9B,4
zy_q15,TQ1lzPm,4
zy_q15,NDwNDqW,4
zy_q15,CkuWWE0,2
zy_q15,Uz1H9hV,4
zy_q15,gKbMqxS,4
zy_q15,YAB58MS,4
zy_q16,IXakVpz,4
zy_q16,yoFHc9r,4
zy_q16,IgG7K9l,4
zy_q16,78oiX74,4
zy_q16,2WUKhh1,4
zy_q16,ZyoOQB1,4
zy_q16,Iwc6vkR,4
zy_q16,fTer1Gi,4
zy_q16,T6Ccbcv,3
zy_q16,6uA2H9h,4
zy_q16,nNpVhtd,2
zy_q16,7J0Juec,4
zy_q16,ImjcQTi,4
zy_q16,1xab3hD,4
zy_q16,oqT8Cbm,4
zy_q16,3hAQX13,4
zy_q16,8weG8rR,4
zy_q16,53R0Dm8,4
zy_q16,7dyRVgi,4
zy_q16,AxbhOw0,2
zy_q16,H9BBBCf,1
zy_q16,LcaVhwg,2
zy_q16,lkczTXr,1
zy_q16,hcBV6rM,1
zy_q16,7qrZzGx,2
zy_q16,CFw1HNQ,2
zy_q16,XojJwJA,1
zy_q16,LzXJtsh,2
zy_q16,tSqd8LS,2
zy_q16,HbAIgMr,1
zy_q16,6zAKJHt,1
zy_q16,yJcnQ4H,2
zy_q16,sAGBOwl,1
zy_q16,TX6T2oh,2
zy_q16,ypjWs6p,1
zy_q16,KFVJEC4,1
zy_q16,bbG7EME,2
zy_q16,HOG53ki,1
zy_q16,En4gXVv,2
zy_q16,uIaBU08,1
zy_q16,LJhiiG3,1
zy_q16,18vcfct,1
zy_q16,1xSE7cx,1
zy_q16,YqOpIhc,2
zy_q16,elrqBSd,1
zy_q16,OEzuqJX,2
zy_q16,2hgfqwx,2
zy_q16,sIFYLLY,1
zy_q16,83wQJdQ,1
zy_q16,MpL2Ux7,1
zy_q17,3H5QyHx,4
zy_q17,417JpwW,4
zy_q17,R2Phqie,4
zy_q17,1gbIdug,4
zy_q17,WEnCZl7,3
zy_q17,YhEFKhY,3
zy_q17,3FLzPcU,3
zy_q17,gd9tHeL,1
zy_q17,eWdfiRa,1
zy_q17,MWMP1Eu,1
zy_q17,iEEZwwx,1
zy_q17,fySQjBQ,1
zy_q17,nMhuyX6,1
zy_q17,utHv8cJ,1
zy_q17,CTfXTN3,1
zy_q17,0XM78bo,1
zy_q17,5pqqs6T,1
zy_q17,5gNNXWb,1
zy_q17,2kNQ9Na,1
zy_q17,kk8UgIq,1
zy_q17,6EznUWk,1
zy_q17,t4i48XQ,1
zy_q17,lWC0IGY,1
zy_q17,No7jFAU,1
zy_q17,UBaOK59,1
zy_q17,xRgni0W,1
zy_q17,0El3Ly1,1
zy_q17,DEZsmrf,1
zy_q17,dNjQKaQ,1
zy_q17,8HqIUKU,1
zy_q17,C11NALo,1
zy_q17,EhQqrE2,1
zy_q17,ZaQEmlC,1
zy_q17,EpNaQyQ,1
zy_q17,tBB45HC,1
zy_q17,UVaMgJi,1
zy_q17,rdFLubc,1
zy_q17,x9CU9ov,1
zy_q17,r6BgMWX,1
zy_q17,9p261Yx,1
zy_q17,zZzQKMG,1
zy_q17,ZlUIEMK,1
zy_q17,ayS76ci,1
zy_q17,ZRxv7rF,1
zy_q17,shzGZH6,1
zy_q17,wn62rJd,1
zy_q17,nrHVQof,1
zy_q17,aZLo9Y6,1
zy_q17,v1PUxrR,1
zy_q17,H8GecDl,1
zy_q17,vdb8KJb,1
zy_q17,VB8kH88,1
zy_q18,UMUgFKf,3
zy_q18,1BnVigM,3
zy_q18,w8HyEqE,3
zy_q18,qkuux66,3
zy_q18,ccWnyoT,3
zy_q18,hG2pbli,3
zy_q18,FUKUQF1,3
zy_q18,BPvGpVo,3
zy_q18,uvt5q8F,3
zy_q18,JQeIFSX,3
zy_q18,DvJLVWd,2
zy_q18,KqGt50k,3
zy_q18,LLYrzzl,3
zy_q18,7r4UamW,2
zy_q18,LKPC3Lv,3
zy_q18,fdTk2jx,3
zy_q18,hkSp5a4,3
zy_q18,n7IhHIy,3
zy_q18,Ka2MnJo,3
zy_q18,TlUxyMq,3
zy_q18,hmoxWWE,3
zy_q18,rRrkie5,3
zy_q18,lKs0cwM,3
zy_q18,KYld9HB,3
zy_q18,bgK6qzd,3
zy_q18,qxj11Il,3
zy_q18,KWoF5Zf,3
zy_q18,FjlwQGk,3
zy_q18,nZavTGi,3
zy_q18,5DFDKcp,3
zy_q18,vCXcLv0,3
zy_q18,pDehC7K,2
zy_q18,ushHot0,2
zy_q18,PVE6Btl,3
zy_q18,snOzP3a,3
zy_q18,coHsXaG,3
zy_q18,jD6Gn12,3
zy_q18,500RPAI,2
zy_q18,0AUdEk2,2
zy_q18,v1UKiTp,3
zy_q18,GdDZZsn,3
zy_q18,UVaMgJi,3
zy_q18,7QnnEjq,2
zy_q18,wlnmV9j,3
zy_q18,AqmZBJ7,3
zy_q18,8SnxTFP,2
zy_q18,JQMGv5d,3
zy_q18,wJsHLgg,2
zy_q18,VD5BUlo,3
zy_q18,u18TABf,3
zy_q18,u2nq7HP,2
zy_q18,tc1Gu3P,2
zy_q18,N4l4zXn,3
zy_q18,mDVrLVE,2
zy_q18,XEvzEh7,3
zy_q18,cN8zRRr,3
zy_q19,fzYnHHv,4
zy_q19,33V9bZ8,4
zy_q19,NzmYo6I,3
zy_q19,S71yuD0,4
zy_q19,VSG4klC,4
zy_q19,b1tiv2b,3
zy_q19,A1WydKo,4
zy_q19,Fvbkz1r,4
zy_q19,CLafAx6,4
zy_q19,BNBu8rd,4
zy_q19,09Oy84B,4
zy_q19,VmS37Ha,4
zy_q19,3nLOJl5,4
zy_q19,D10osIi,4
zy_q19,pE2cuMb,4
zy_q19,E29LbF8,4
zy_q19,PHeD7qS,4
zy_q19,H7aQC1t,4
zy_q19,5m7LGo6,4
zy_q19,kPo91u5,4
zy_q19,EnO8QlS,4
zy_q19,MV56Iks,4
zy_q19,JJ4RfLU,4
zy_q19,RLgMFfr,4
zy_q19,gVNCYvH,4
zy_q19,fJh0iyl,4
zy_q19,pmuBOlu,4
zy_q19,AqtG0VH,4
zy_q19,sLJaesb,4
zy_q19,3yfpHAw,4
zy_q19,W8xX5fq,4
zy_q19,HUU7fmC,4
zy_q19,DIngAIo,4
zy_q19,bgoF8DW,4
zy_q19,PXCJ04T,4
zy_q19,wb4Hhle,4
zy_q19,o6JhAdF,4
zy_q19,GoQNpJf,4
zy_q19,VHagMR3,4
zy_q19,3qxnJfd,4
zy_q19,h1L62j2,4
zy_q19,Uzz1fNZ,4
zy_q19,QGSQ3Xd,4
zy_q19,1D8PD2A,4
zy_q19,Tw4PiK1,4
zy_q19,oJwoXrS,4
zy_q19,Oz8z4pj,4
zy_q19,i3QUd4v,4
zy_q19,uA3jNDU,4
zy_q19,pgNSUqB,4
yn_q01,3XuktFc,4
yn_q01,qSed60O,4
yn_q01,5qX4RNf,4
yn_q01,bKK17kj,4
yn_q01,RGRbmT6,4
yn_q01,XOzjJuz,4
yn_q01,ExZrwoG,4
yn_q01,j6OOC41,4
yn_q01,vXLbyY7,4
yn_q01,W7l9LXV,4
yn_q01,M22ycq7,4
yn_q01,HYjAaVu,4
yn_q01,40NsgNT,4
yn_q01,u4LKhAK,4
yn_q01,kkxpAVZ,4
yn_q01,AOKuCOC,4
yn_q01,hr5Hk3V,4
yn_q01,c7gcz4y,4
yn_q01,U4gYjIT,4
yn_q01,y7DzfZD,4
yn_q01,xBLq4cU,4
yn_q01,C0fsp3B,4
yn_q01,HKNTEo2,4
yn_q01,gZq6uds,2
yn_q01,qahgi4T,2
yn_q01,tpX6hdp,2
yn_q01,PXBFuyR,2
yn_q01,5qOpiNK,2
yn_q01,15WfEjx,2
yn_q01,DSUkHaW,2
yn_q01,U8OYdrr,2
yn_q01,3r8BfJD,2
yn_q01,6i2m70k,2
yn_q01,qlTKY8Q,3
yn_q01,Nh5g9ij,4
yn_q01,5ecuxmt,4
yn_q01,wPQlaRQ,4
yn_q01,5Xaz9cQ,4
yn_q01,WMW8blw,4
yn_q01,sBYB6aN,4
yn_q01,yzaVqpM,4
yn_q01,bQqbGec,4
yn_q01,1VkNiOc,4
yn_q01,fTKsl5T,3
yn_q01,1msv8iX,4
yn_q01,xqJND5w,2
yn_q01,Gsi8i2F,2
yn_q01,DHTe25g,2
yn_q01,lbT24JU,2
yn_q01,sGNra3d,2
yn_q01,DTkAimI,2
yn_q01,QkQSB4L,2
yn_q02,YKv7r0N,3
yn_q02,LvxgxvQ,3
yn_q02,yYzXkcq,3
yn_q02,PmQQgJA,3
yn_q02,ghyoZBN,3
yn_q02,yiEfjZk,2
yn_q02,OQAxZ2A,2
yn_q02,DvtD5ym,1
yn_q02,yS6VL0Z,3
yn_q02,a6LMY5k,3
yn_q02,QtGUPLQ,2
yn_q02,ULwasaq,2
yn_q02,NDR1U2n,2
yn_q02,oMMtGiV,2
yn_q02,gKNeNwX,1
yn_q02,cGhyNAZ,2
yn_q02,ExrpnBE,1
yn_q02,CSXEy6d,2
yn_q02,ih2J7oR,1
yn_q02,05vQCyy,2
yn_q02,XXhywUe,2
yn_q02,AiLa2ik,2
yn_q02,CYejIkx,2
yn_q02,t5nsgwq,1
yn_q02,wounUFb,1
yn_q02,DVWI5DN,1
yn_q02,oChoSwP,1
yn_q02,6Uh4BgY,1
yn_q02,zezVKSv,2
yn_q02,9wi8T61,2
yn_q02,sFA6Frp,3
yn_q02,eC1k2CH,3
yn_q02,0aawLWZ,2
yn_q02,ydaR36p,3
yn_q02,9QueBgN,3
yn_q02,HVP3McY,2
yn_q02,yx4hTMJ,2
yn_q02,OG81yZ8,2
yn_q02,rDAgUuH,2
yn_q02,GPV1t6M,2
yn_q02,o9X9TFa,2
yn_q02,wSZHBO1,2
yn_q02,dLqUs7b,3
yn_q02,9HVPchZ,2
yn_q02,t5TICi4,1
yn_q02,1cXrGEf,1
yn_q02,TcjaJ5L,1
yn_q02,czd1Bpm,1
yn_q02,i8vk3nR,1
yn_q02,HzhLHR0,1
yn_q02,ERR8Hjl,1
yn_q02,wbH7mhv,1
yn_q02,LCVNEI8,1
yn_q02,4pkIAsh,1
yn_q02,meBroky,1
yn_q02,Uhsob88,1
yn_q02,g3Im1nC,1
yn_q02,GAluNiz,1
yn_q02,nOfdPNg,1
yn_q02,TyDpOpl,1
yn_q02,1gqYYfn,1
yn_q02,7T3v9uG,1
yn_q02,2hhmeTR,1
yn_q02,nKARvm6,1
yn_q02,2AEaU6n,1
yn_q02,zX8wjC2,1
yn_q02,fgFGxLZ,1
yn_q02,bqBK9Sr,1
yn_q02,pWpFCmg,1
yn_q02,mULg9wW,1
yn_q02,6upWyJt,1
yn_q02,BRnHRM4,1
yn_q02,6Fh7L79,1
yn_q02,p2C9awb,1
yn_q02,nFblMZf,1
yn_q02,b39WkTo,1
yn_q03,QWmorGd,4
yn_q03,Sp80JwA,4
yn_q03,8ubPYxl,4
yn_q03,j7ldcGE,4
yn_q03,ElPFcRG,4
yn_q03,aic37w7,4
yn_q03,6eOCA62,4
yn_q03,yboyoc6,4
yn_q03,vUZ2oUz,4
yn_q03,nLwr8rl,4
yn_q03,DghLEC6,4
yn_q03,0JaSaxw,4
yn_q03,wMzsDbS,4
yn_q03,3stclyV,4
yn_q03,dgYRUaV,4
yn_q03,4argr3p,4
yn_q03,JaLiBF0,4
yn_q03,tRVhMPK,4
yn_q03,DxmENmY,4
yn_q03,YFkTVCS,4
yn_q03,VNjAdir,4
yn_q03,ss2ZYSo,4
yn_q03,YgUmIyY,4
yn_q03,YGizw1u,4
yn_q03,69kNdZZ,4
yn_q03,ZeLAdVh,3
yn_q03,8iBFKcZ,3
yn_q03,x90zgO6,2
yn_q03,51PdPQi,2
yn_q03,YldrO3S,2
yn_q03,jWp0vFb,2
yn_q03,Lnwpyjw,2
yn_q03,ktKZnJg,2
yn_q03,9mDv7Tk,2
yn_q03,r2Po30Q,2
yn_q03,JgoDUcB,4
yn_q03,iWKE2br,2
yn_q03,fYgbHqn,2
yn_q03,SFLySDe,2
yn_q03,ufuAefW,2
yn_q03,J2sMPK5,2
yn_q03,StdrFhD,2
yn_q03,WF73EY8,4
yn_q03,dyfGoQs,2
yn_q03,wWFGyTV,2
yn_q03,40fWoc5,2
yn_q03,1NEX6mj,2
yn_q03,0kJM0Ox,3
yn_q03,rdiR0cO,2
yn_q03,kvM94jH,2
yn_q03,zqh63Hk,2
yn_q04,opsIg5V,3
yn_q04,SJgYen3,4
yn_q04,WwcpMBc,4
yn_q04,fhEnegJ,4
yn_q04,QWAtN26,4
yn_q04,yVWeqSE,4
yn_q04,Ry4g16I,4
yn_q04,rVODDdD,4
yn_q04,ycrYifS,4
yn_q04,JfTUSzi,4
yn_q04,YpRJfGl,4
yn_q04,ZFJOgGR,4
yn_q04,gep5b9Q,4
yn_q04,bz68bwT,4
yn_q04,DDLL7fG,4
yn_q04,HWpSJy4,4
yn_q04,9YaB4Bo,4
yn_q04,5hlRVak,4
yn_q04,wG24cZl,4
yn_q04,zDhYxAb,4
yn_q04,dbHnRxR,4
yn_q04,vsJKyhR,4
yn_q04,lMsR5h2,4
yn_q04,6CRRVRf,4
yn_q04,LXjpqhx,4
yn_q04,qgav2M5,4
yn_q04,1HOczIl,4
yn_q04,JljGYYz,4
yn_q04,8BRkSQY,4
yn_q04,m1rZFro,4
yn_q04,JHMm6x4,4
yn_q04,dwJqap2,4
yn_q04,N6nDqhK,4
yn_q04,afaJzaH,4
yn_q04,6oDHZez,4
yn_q04,8rEb90e,2
yn_q04,SRV0TjI,4
yn_q04,hKsCztV,4
yn_q04,T3C60l7,4
yn_q04,WMmHdXd,4
yn_q04,FVlSsb9,4
yn_q04,pf2VZ1f,4
yn_q04,5TtGbvO,4
yn_q04,eRoZwy1,4
yn_q04,KHWIsio,4
yn_q04,LMvirii,4
yn_q04,GD3eKCc,4
yn_q04,NAxfmax,4
yn_q04,RVd7SLq,4
yn_q04,bEE9NBH,4
yn_q04,VLdgHOt,4
yn_q05,PDDphSi,4
yn_q05,eh6HuvA,4
yn_q05,K1Lyyjb,4
yn_q05,5YrcvDX,4
yn_q05,HRxQ7bv,4
yn_q05,Nn9pcG1,4
yn_q05,sGAjsGd,4
yn_q05,S1r0v3G,4
yn_q05,0sGfbIS,4
yn_q05,EmkmnNm,2
yn_q05,yUBNctj,2
yn_q05,ka6a6vi,2
yn_q05,siUDXPU,2
yn_q05,887zgoD,2
yn_q05,iufoPk5,2
yn_q05,1LuJYIl,2
yn_q05,zITwDYu,2
yn_q05,ncY4vEH,2
yn_q05,hqLdGQb,2
yn_q05,ppTIYUL,2
yn_q05,bP8ChnP,2
yn_q05,aDmzpvG,2
yn_q05,x1qsot2,2
yn_q05,FR8QIQW,2
yn_q05,6nCyJK3,2
yn_q05,QWmzvSN,2
yn_q05,R6tscu3,2
yn_q05,XMbqvRr,2
yn_q05,tpKXF0N,2
yn_q05,jnEILqp,2
yn_q05,GSwVeMr,2
yn_q05,EOSjj7E,2
yn_q05,pHk6RYZ,2
yn_q05,9FIjZ1w,2
yn_q05,K03Gyus,2
yn_q05,UOJhk5w,2
yn_q05,c9y4961,2
yn_q05,fIeZ1hn,2
yn_q05,lR2LkwP,2
yn_q05,JfpmpD8,2
yn_q05,1Vkk5uJ,2
yn_q05,WOHpsIM,2
yn_q05,NOQPDqo,2
yn_q05,wBR5CSt,2
yn_q05,b7rScYc,2
yn_q05,8zmaNYB,2
yn_q05,BqmqOe5,2
yn_q05,Aee0HIx,2
yn_q05,AkxmdY1,2
yn_q05,WOq5AS6,2
yn_q05,iKasWXK,2
yn_q05,fmHzqaY,2
yn_q05,wyNm3Nv,2
yn_q05,YeJBjpu,2
yn_q06,DTfT9Qo,4
yn_q06,TV8v966,4
yn_q06,hTkLinh,4
yn_q06,oQLXP6e,4
yn_q06,FNJ5HXX,2
yn_q06,gntWq7a,2
yn_q06,nGgiosx,3
yn_q06,fkJGunk,3
yn_q06,ZE7pKz0,2
yn_q06,WdNq7yz,2
yn_q06,VpPEHMX,2
yn_q06,gEELKdJ,2
yn_q06,g9Ogxqx,2
yn_q06,yzybJAD,2
yn_q06,T3SqKDI,2
yn_q06,3a7P3zF,2
yn_q06,gwdT1Jx,2
yn_q06,l6KZc47,2
yn_q06,wfJRe0s,2
yn_q06,fn71pcZ,2
yn_q06,2MMTXfu,2
yn_q06,S1RLHzs,2
yn_q06,TTcSsfR,2
yn_q06,BgroDPz,2
yn_q06,jPS0Tmf,2
yn_q06,CN83I95,2
yn_q06,c9kdVWe,2
yn_q06,ivu4RIU,2
yn_q06,JCZWYSj,2
yn_q06,ZH4Z8h6,2
yn_q06,TxkrBFS,2
yn_q06,obQQKvR,2
yn_q06,GqsLg7K,2
yn_q06,U5YvnwP,2
yn_q06,nPtvT5q,2
yn_q06,nVlkkQ8,2
yn_q06,MsSP62P,2
yn_q06,TH6ybCN,2
yn_q06,B4OJwJj,2
yn_q06,gOrRYMy,2
yn_q06,5TOntMQ,2
yn_q06,n9xv04X,2
yn_q06,0lhRNoL,2
yn_q06,4YXFJQn,2
yn_q06,Yf4Cexz,2
yn_q06,Q6wY0YF,2
yn_q06,SluGjAr,2
yn_q06,gGsNqlp,2
yn_q06,GLeXoou,2
yn_q06,4xoaODr,2
yn_q06,60NRV31,2
yn_q06,RHVehHu,2
yn_q06,UO7Eaik,2
yn_q06,PNADUby,2
yn_q06,TLz1WAR,2
yn_q06,Yizdx0r,2
yn_q06,43Q34zC,2
yn_q06,aALhQwj,2
yn_q06,AUbzZSm,2
yn_q06,lR5BI9G,2
yn_q06,6N7BH47,2
yn_q06,p2hX923,2
yn_q06,NxjHycI,2
yn_q06,ygoOZlb,2
yn_q07,dxK5nbB,4
yn_q07,nOfdPNg,4
yn_q07,huLJSEn,4
yn_q07,5XF6Imf,4
yn_q07,HFuQXht,4
yn_q07,GNvt7Dg,4
yn_q07,5e8pFj8,4
yn_q07,YrU7gi2,4
yn_q07,lLvJDls,4
yn_q07,Y7gsNNv,4
yn_q07,2NjYhW0,4
yn_q07,wJQoBre,4
yn_q07,HNioI2T,4
yn_q07,G9QQ89g,4
yn_q07,JMkbuR8,4
yn_q07,iznzNSH,4
yn_q07,1nqagni,4
yn_q07,HRATlXZ,4
yn_q07,zCgZH68,4
yn_q07,Nx0vo5H,4
yn_q07,Ss2IUmw,4
yn_q07,VMkOFLH,4
yn_q07,vwBh3aH,4
yn_q07,omjfiwh,4
yn_q07,d4rBfMU,4
yn_q07,xt7VHh0,4
yn_q07,nFqHiu9,4
yn_q07,EHQpNPo,4
yn_q07,ZyoOQB1,4
yn_q07,Riztwml,4
yn_q07,Jwo8XlP,4
yn_q07,5Ht2AF9,4
yn_q07,ywi0Zf8,4
yn_q07,IssqkQv,4
yn_q07,pRISfOB,4
yn_q07,oSorrc0,4
yn_q07,5s3N9Vn,4
yn_q07,4VK0r1G,4
yn_q07,DUKeTme,4
yn_q07,kskJ4qp,4
yn_q07,fSrUyVC,4
yn_q07,TDPwnpT,4
yn_q07,vpZXYhu,4
yn_q07,mmkf3be,4
yn_q07,kFSOWJT,4
yn_q07,yQSaWx3,4
yn_q07,jG5TTtb,4
yn_q07,0QEAXDx,4
yn_q07,pbkyK9d,4
yn_q07,rgmQJlV,4
yn_q08,KNZMtKL,4
yn_q08,gTd9Z6W,4
yn_q08,2fdoAyM,4
yn_q08,A21LVMt,3
yn_q08,ClO2QhF,3
yn_q08,w4LPCwc,3
yn_q08,jeGK7xy,3
yn_q08,Ebs7dmL,3
yn_q08,cqSEtrx,3
yn_q08,mVJQLoF,3
yn_q08,YB6fAqk,3
yn_q08,ErmazqP,3
yn_q08,Ywf2338,3
yn_q08,0pb0FEe,3
yn_q08,SKIgdBy,3
yn_q08,G89s8N8,3
yn_q08,9r6MHNy,3
yn_q08,EnJMElL,3
yn_q08,TwA5Gxc,3
yn_q08,fdP7UWU,3
yn_q08,iGas252,3
yn_q08,9vwlmkt,3
yn_q08,uDtPG05,3
yn_q08,TmzPdK1,3
yn_q08,s64LHiu,3
yn_q08,Y2GamFm,3
yn_q08,HlaYEo7,3
yn_q08,clfyMzA,3
yn_q08,Q7HMUD8,3
yn_q08,gN7IVFC,3
yn_q08,UZig5Oo,3
yn_q08,eyQFoDD,3
yn_q08,UT403og,3
yn_q08,Og3GWrS,3
yn_q08,6rv06iz,3
yn_q08,zBp7Aco,3
yn_q08,Z3k4yrG,3
yn_q08,Wk7Mx3i,3
yn_q08,rVtijeG,3
yn_q08,T0TA5HS,3
yn_q08,tBANsqi,3
yn_q08,iN1d6fG,3
yn_q08,q4XLm9g,3
yn_q08,aAuCz9f,3
yn_q08,rK7ot3k,3
yn_q08,oQ2K6ZI,3
yn_q08,G3MmzYF,3
yn_q08,7oeUUId,3
yn_q08,VQc7ddy,4
yn_q08,ds1Oe50,3
yn_q08,QlWPwoB,3
yn_q09,X4GjDv6,4
yn_q09,HnYAKOi,4
yn_q09,e5XCWs7,4
yn_q09,0jv7Udt,4
yn_q09,Bmz4Xq5,4
yn_q09,6Xy7xzm,4
yn_q09,z2YAs28,4
yn_q09,nzgcB6f,4
yn_q09,Sfc6Jmh,4
yn_q09,aOSR0gH,4
yn_q09,w4VW6xj,4
yn_q09,eKOXDQT,4
yn_q09,tuSxF4a,3
yn_q09,dTHVGY4,3
yn_q09,Kyp1HfP,2
yn_q09,mqStGEI,2
yn_q09,DFxn5b1,2
yn_q09,0v7veXW,2
yn_q09,VuRGfSc,2
yn_q09,Ey9SADZ,2
yn_q09,iidGV2X,2
yn_q09,umRE5gk,2
yn_q09,HEyBl57,2
yn_q09,NwRmB4F,2
yn_q09,maojC0U,2
yn_q09,KVcrscs,2
yn_q09,65EJGOS,2
yn_q09,It3AV8C,2
yn_q09,KM1ZTIs,2
yn_q09,GovKkch,2
yn_q09,jsejoo9,2
yn_q09,ZdnOtmb,2
yn_q09,HiQ9Sui,2
yn_q09,wPAKuH6,2
yn_q09,OAOVvA4,2
yn_q09,DtxnnzJ,2
yn_q09,YnhsXTO,2
yn_q09,LDMaZTK,2
yn_q09,vlYMe61,2
yn_q09,nrfy7Kh,2
yn_q09,SbZXVwy,2
yn_q09,wSVedCL,2
yn_q09,txXEGRc,2
yn_q09,QJfKv6M,2
yn_q09,JsKJAGq,2
yn_q09,nncSJLh,2
yn_q09,i8CuPh7,2
yn_q09,jwRK3Ag,2
yn_q09,0QlhiHi,2
yn_q09,PvXc7F4,2
yn_q09,79QO7BZ,2
yn_q09,zZmaVQK,2
yn_q09,qu6wYwZ,2
yn_q10,nwtI7Ud,4
yn_q10,uMF30jv,3
yn_q10,qBMAVP0,3
yn_q10,q5g4Bc1,3
yn_q10,APYX4EH,3
yn_q10,8XTFVdd,3
yn_q10,7889qCv,3
yn_q10,tDp1dWT,3
yn_q10,c58GmL4,3
yn_q10,nf5Pm99,3
yn_q10,L4Wq4L4,2
yn_q10,ExF8EIO,3
yn_q10,40FTiuu,3
yn_q10,zDHAPWE,3
yn_q10,5W06F1a,3
yn_q10,8Cg7oNG,3
yn_q10,gxP65ei,3
yn_q10,qHmd6hC,3
yn_q10,mEshpZK,2
yn_q10,NTM5lH0,2
yn_q10,fx4rZbs,2
yn_q10,aRw9pg8,3
yn_q10,ohXViln,2
yn_q10,DQhGKwx,3
yn_q10,MhuSRhS,2
yn_q10,PhNVHXB,2
yn_q10,yqwGhQB,3
yn_q10,88r0Go4,2
yn_q10,niaIjjM,2
yn_q10,yS6UCoR,2
yn_q10,5m7LGo6,2
yn_q10,4w655Hn,2
yn_q10,dlYqrJG,2
yn_q10,tH0ls85,2
yn_q10,EP6QP1L,2
yn_q10,BVp2iyX,2
yn_q10,r5EyVYY,2
yn_q10,3LQHkWi,3
yn_q10,kjbjTSW,3
yn_q10,pZpiASg,3
yn_q10,Stm4MZ2,3
yn_q10,tCpeMNT,2
yn_q10,eiMWaLp,2
yn_q10,y1OHYWX,2
yn_q10,GDiZUvA,2
yn_q10,JrCPF91,2
yn_q10,aYEMrHR,3
yn_q10,ysZC1Fn,3
yn_q10,TRtHlLs,3
yn_q10,75sSZof,3
yn_q10,1X6nS63,3
yn_q10,QudGNvQ,3
yn_q10,cbQgOVe,3
yn_q10,uuVaVTx,3
yn_q11,W86WrBc,3
yn_q11,HoprvPW,3
yn_q11,D3iC7cV,3
yn_q11,t53mrNe,3
yn_q11,yOW3ZpC,3
yn_q11,OoCVjeL,3
yn_q11,K4Sl4y3,3
yn_q11,KNlJSZ1,3
yn_q11,sc6RIGt,3
yn_q11,7ymMJck,3
yn_q11,uzGzHbw,3
yn_q11,jwGynKa,3
yn_q11,rzdq0xj,3
yn_q11,s0IEyMA,3
yn_q11,kDwEYag,2
yn_q11,Bpn2vJ0,2
yn_q11,ESMwqkb,2
yn_q11,LIWBfos,2
yn_q11,lBJQGI6,2
yn_q11,ufxkvdd,2
yn_q11,JSdhoDV,2
yn_q11,aGsG1h7,2
yn_q11,0NLuOQJ,2
yn_q11,3l6W6Hx,2
yn_q11,gQ7sHm2,2
yn_q11,8QYomoR,2
yn_q11,4aGxHwo,2
yn_q11,TPjK1ch,2
yn_q11,3hORWvW,2
yn_q11,q0S0oo3,2
yn_q11,w4LPCwc,2
yn_q11,Tipye7Q,2
yn_q11,SQezALG,2
yn_q11,KOTkHzw,2
yn_q11,wW8fKI9,2
yn_q11,ZxYZcWX,2
yn_q11,IED5Z7w,2
yn_q11,bX5j7Ys,2
yn_q11,rPuoMwX,2
yn_q11,Wipip3p,2
yn_q11,tsenkPG,2
yn_q11,DbCMQYL,2
yn_q11,6M2v6uA,2
yn_q11,2zUnqPa,2
yn_q11,LWRavA6,2
yn_q11,ekS4U9p,2
yn_q11,oj2SRFH,2
yn_q11,CsgChA1,2
yn_q11,FRh4R73,2
yn_q11,q77GvkS,2
yn_q11,ljrt4gn,2
yn_q12,5LBVxyI,3
yn_q12,48nP1gg,2
yn_q12,p6BgwEk,3
yn_q12,lG3koKY,2
yn_q12,0r9J8gt,2
yn_q12,KJihFrA,2
yn_q12,KuR09ni,1
yn_q12,frItjAj,1
yn_q12,UE8EtKt,1
yn_q12,YOYw35U,1
yn_q12,bVwyvnX,1
yn_q12,UF4dR1u,1
yn_q12,GipJOrO,1
yn_q12,ABwYezK,1
yn_q12,DmoU8Ml,1
yn_q12,M6iIj5B,1
yn_q12,CGoo2RX,1
yn_q12,1KXFS9H,1
yn_q12,2A91DED,1
yn_q12,Q55mndf,1
yn_q12,J0V2IKa,1
yn_q12,0KlySdT,1
yn_q12,By9AoCV,1
yn_q12,C19bVlP,1
yn_q12,b7yrfUk,1
yn_q12,ZMmvP1R,1
yn_q12,s3DJ1Ny,1
yn_q12,lczjtTQ,1
yn_q12,esOVj9X,1
yn_q12,eYw8FT6,1
yn_q12,Bsyei1U,1
yn_q12,DYDt1zx,1
yn_q12,GsbQG7e,1
yn_q12,9tJDYi2,1
yn_q12,9KOD1kl,1
yn_q12,7yCY4aL,1
yn_q12,RUsFeV7,1
yn_q12,l1hvRUx,1
yn_q12,pcm5pBd,1
yn_q12,NbmW4wH,1
yn_q12,P7cLIvo,1
yn_q12,m2oM2xz,1
yn_q12,1CsIN44,1
yn_q12,Pjv5zD4,1
yn_q12,Z1PcrVL,1
yn_q12,tmsHObh,1
yn_q12,Bss76sN,1
yn_q12,yGZQOCo,1
yn_q12,7fTyQyN,1
yn_q12,Ueyla31,1
yn_q12,HRATlXZ,1
yn_q12,FrKZ8OY,1
yn_q12,JhFT2jM,1
yn_q12,U0rP956,1
yn_q12,DW0l9h4,1
yn_q12,LZMX8ic,1
yn_q12,zB8addM,1
yn_q12,xM8lnXZ,1
yn_q12,oVLpTxN,1
yn_q12,ivflU3Y,1
yn_q12,0rP39hx,1
yn_q12,6uyFZhT,1
yn_q12,DU9Rl64,1
yn_q12,dGaiEc6,1
yn_q12,k1ZzHww,1
yn_q12,xHi991W,1
yn_q12,3T9wjsy,1
yn_q12,J9IQGV6,1
yn_q12,S3gyMql,1
yn_q12,CvhtikY,1
yn_q12,QWIXHEl,1
yn_q12,KsZy540,1
yn_q13,0B62Uwj,4
yn_q13,uwtkxkX,4
yn_q13,AlIBEYt,3
yn_q13,gS2PJn4,3
yn_q13,R4pbAXI,3
yn_q13,T1LyPa1,3
yn_q13,2Lmf2t4,3
yn_q13,8gEGrAq,3
yn_q13,VenLRZ2,1
yn_q13,8jKUwQQ,1
yn_q13,L6GuSNq,1
yn_q13,v6p7nx6,1
yn_q13,X4LiH35,1
yn_q13,9KOD1kl,1
yn_q13,L64MPjY,1
yn_q13,ZcIOvsa,1
yn_q13,7dssBez,1
yn_q13,zjhHvRv,1
yn_q13,UI9c7Mk,1
yn_q13,VHM1nXf,1
yn_q13,oSHCfIG,2
yn_q13,lAByMuc,2
yn_q13,18kSFfr,2
yn_q13,XKJ6Yyo,1
yn_q13,1QEVSrg,1
yn_q13,GyrVzB2,1
yn_q13,GcHX75E,1
yn_q13,LsxnyHS,1
yn_q13,eRJxGve,1
yn_q13,d0gf81O,1
yn_q13,rC3rs4F,1
yn_q13,ahic51T,1
yn_q13,AjyWhY3,1
yn_q13,0L6ybiP,1
yn_q13,xNaAviN,1
yn_q13,esW8MXv,1
yn_q13,ymCTUGO,1
yn_q13,lf5oeEQ,1
yn_q13,4n1aVEj,1
yn_q13,uevwX6h,1
yn_q13,PN0eiqQ,1
yn_q13,nLOl7tP,1
yn_q13,JsomwWQ,1
yn_q13,Hf8CheT,1
yn_q13,zRDOWzW,1
yn_q13,yICpeeJ,1
yn_q13,YM4wOIh,1
yn_q13,T3OrZA0,1
yn_q13,KzQZSoM,1
yn_q13,1KwBFwT,1
yn_q14,kMmTVRv,4
yn_q14,NL5gqUu,4
yn_q14,mHkmEhw,4
yn_q14,GniScjA,4
yn_q14,Yjn5Cu9,4
yn_q14,jTn9HTg,2
yn_q14,LlgjQ1R,2
yn_q14,3V9qMLj,2
yn_q14,Ph9xFkZ,2
yn_q14,YRTLRYg,2
yn_q14,FQuPBem,2
yn_q14,JaFElcC,2
yn_q14,Wvf1s9m,2
yn_q14,mlZl2xY,2
yn_q14,ABaz3pg,2
yn_q14,B6FaECu,2
yn_q14,euHeq3N,2
yn_q14,ckJegqO,2
yn_q14,lMjnOQj,2
yn_q14,3a7P3zF,2
yn_q14,ZBemgm0,2
yn_q14,zTPoOjq,2
yn_q14,KhK1uts,2
yn_q14,saZ4JvS,2
yn_q14,K1nviX4,4
yn_q14,dvc5nF7,2
yn_q14,MukIrAj,2
yn_q14,YnFJ8oK,2
yn_q14,77oSyV7,2
yn_q14,N6RAf6e,2
yn_q14,Rgmkvne,2
yn_q14,0jXS37v,2
yn_q14,6NPAzre,2
yn_q14,GbY0YT5,2
yn_q14,nLtcDqe,2
yn_q14,irfCFx1,2
yn_q14,6KVDfOg,2
yn_q14,jwgPKto,2
yn_q14,Y8LYH9B,2
yn_q14,dcx9GAX,2
yn_q14,s9KMUzS,2
yn_q14,NTnomAL,2
yn_q14,d8KgUoj,2
yn_q14,nRewhhz,2
yn_q14,EoVvufn,2
yn_q14,nopQBDF,2
yn_q14,gSF2Njn,2
yn_q14,mmlGrAz,2
yn_q14,2uKScGO,2
yn_q14,AJuwdXd,2
yn_q14,FBBMVWZ,2
yn_q14,E19tJEH,2
yn_q14,gEev0Er,3
yn_q14,kP5tYZx,2
yn_q14,nUU63GS,2
yn_q14,kmv1KmA,2
yn_q14,lq8OMXY,2
yn_q14,ypnHAgx,2
yn_q14,3TTu3P1,2
yn_q14,kpS3jIf,2
yn_q14,fWXYp2d,2
yn_q14,hPxCrPU,2
yn_q14,lrMP7vd,2
yn_q14,Y4Frf62,2
yn_q14,fX9iizD,2
yn_q14,lEnzzRX,2
yn_q14,3DxiNj8,2
yn_q14,02wwgva,2
yn_q14,yZH3LfL,2
yn_q14,pqNB6P6,3
yn_q14,k8o5GwR,2
yn_q14,JU8eoG5,2
yn_q14,4VQyoRd,2
yn_q14,t3h4tdc,2
yn_q15,iEieEuw,3
yn_q15,YLaE1VA,3
yn_q15,MesRXLf,3
yn_q15,yXuMUOb,3
yn_q15,yaZARFd,3
yn_q15,kLLfSU2,4
yn_q15,Ru11ViL,2
yn_q15,wSdsFPH,2
yn_q15,yZcnhFp,2
yn_q15,ipqLkPy,2
yn_q15,RbDKMY7,2
yn_q15,9xVQWFG,2
yn_q15,Rqr0dZL,2
yn_q15,2wqPXoK,2
yn_q15,AAaPSDS,2
yn_q15,ifPZANm,1
yn_q15,jT4XeCq,2
yn_q15,A7XR8tE,2
yn_q15,eeYGiKh,2
yn_q15,pLQT6Y2,2
yn_q15,CGnvr1i,2
yn_q15,5Vs2rYK,2
yn_q15,G9GKdNR,2
yn_q15,VHC9VZF,2
yn_q15,fMcHcKa,2
yn_q15,UT05Oqe,2
yn_q15,3jsLFuq,2
yn_q15,EsVMHTR,2
yn_q15,wcmc20f,2
yn_q15,LzDqIFE,2
yn_q15,UAdf7XZ,2
yn_q15,xY6ovUY,2
yn_q15,u96MS1h,2
yn_q15,6CuFFRf,2
yn_q15,fTf8UAZ,2
yn_q15,xYbQYXc,2
yn_q15,82PW5pO,1
yn_q15,xzA7xSt,1
yn_q15,ilA8qM6,1
yn_q15,Cp9ZgfM,2
yn_q15,6go0LiG,1
yn_q15,eHfPxY3,1
yn_q15,Dghjwpr,2
yn_q15,NMjDRDi,1
yn_q15,2MrbBwY,1
yn_q15,sH9WXeY,1
yn_q15,vX7VDl4,2
yn_q15,93goHpd,1
yn_q15,MoWbY3U,1
yn_q15,focZbzO,1
yn_q15,HXbWYB7,1
yn_q15,u3mGzo8,2
yn_q15,dXspJpm,1
yn_q15,gcaq7mX,1
yn_q15,ktmeI05,1
yn_q15,t6tra0a,1
yn_q15,WYyoJrH,1
yn_q15,sumbGy3,1
yn_q15,dhjdkmY,1
yn_q15,2LgRdM3,1
yn_q15,ubCD74O,1
yn_q15,out9Igl,2
yn_q15,s45FGhx,1
yn_q15,HGIwCtu,1
yn_q15,jJ5kwzM,1
yn_q15,GbAUwAt,2
yn_q15,VUVQjqt,1
yn_q15,EkxaBas,1
yn_q15,7n7Vyy8,2
yn_q15,9yItTto,2
yn_q15,tyRv4E8,1
yn_q16,dKjBWLE,3
yn_q16,C3OG2hN,3
yn_q16,ofWzxzQ,1
yn_q16,7L2yXI3,1
yn_q16,97GLl5S,1
yn_q16,zmDueDU,1
yn_q16,ndAYzPU,1
yn_q16,U3C3Hys,1
yn_q16,ayIiUWb,1
yn_q16,Fr8fIRg,1
yn_q16,lz5RH0D,1
yn_q16,sK28zE1,2
yn_q16,t0hnvOO,3
yn_q16,HNUKHth,3
yn_q16,xZCU1da,1
yn_q16,9MBRoOF,1
yn_q16,TtyvBhd,1
yn_q16,gDPbCcP,1
yn_q16,R1z1WAH,1
yn_q16,fdaFQWX,1
yn_q16,B0sRi6q,1
yn_q16,DEVx6cm,1
yn_q16,mYIojpn,1
yn_q16,ej3EqG1,1
yn_q16,lxmn8yK,1
yn_q16,ZQuOaN0,1
yn_q16,jW3HX4s,1
yn_q16,jYbHAwW,1
yn_q16,EKZ4E3y,1
yn_q16,YOg7MNd,2
yn_q16,ycsdDpf,2
yn_q16,hwHPpKA,2
yn_q16,EOtvf3N,2
yn_q16,eOyzcxW,2
yn_q16,4KCPPdN,2
yn_q16,vg1DV1x,2
yn_q16,5Jexifh,2
yn_q16,HrgUjAI,2
yn_q16,M2Vkvxq,2
yn_q16,xYznIfl,2
yn_q16,8xVnkoG,2
yn_q16,fkGT8ja,2
yn_q16,Ayd2Dqs,2
yn_q16,zfZRtmN,2
yn_q16,burSdc2,2
yn_q16,ddjMx36,2
yn_q16,4Z92v14,1
yn_q16,1PpxQUa,1
yn_q16,Ymqi7IB,1
yn_q16,X33zgWc,1
yn_q16,7GblM3N,1
yn_q16,RjQ6A8c,1
yn_q16,ZTg4BsY,1
yn_q16,OvdKtZS,1
yn_q16,s8vsmIb,1
yn_q16,M4W4V6s,1
yn_q16,oh0iMEt,1
yn_q16,tWNYNhB,1
yn_q16,8pGnBjQ,1
yn_q16,LMLqYHO,1
yn_q16,EySY86x,1
yn_q16,P0ckhDy,1
yn_q16,UxLbiNI,1
yn_q16,qwJXdFa,1
yn_q17,A9ag14s,4
yn_q17,ftek9XG,4
yn_q17,MvUu4SD,4
yn_q17,ptOPcj4,4
yn_q17,0L7uXlt,4
yn_q17,TOWlnSm,4
yn_q17,pT3tKiu,4
yn_q17,U4xvnBI,4
yn_q17,bkj3XiR,4
yn_q17,0cWM15w,4
yn_q17,7OuBXmt,4
yn_q17,SVkwm96,4
yn_q17,vtAohoQ,4
yn_q17,094W0e8,4
yn_q17,iYWaHGf,3
yn_q17,Pw7k5Z7,4
yn_q17,F9i7Joh,4
yn_q17,iDgZbHP,4
yn_q17,xT7GJ6I,4
yn_q17,XVTBfxl,4
yn_q17,QWPyWMF,2
yn_q17,BMbZsOb,2
yn_q17,UiPq5Is,2
yn_q17,tE4DeH9,2
yn_q17,rGuiowi,2
yn_q17,2fVuJqF,2
yn_q17,BShN204,2
yn_q17,OkNDFUm,2
yn_q17,1CsIN44,2
yn_q17,ZIfWSGy,2
yn_q17,E4WgmQK,2
yn_q17,TYem1It,2
yn_q17,otYriZ1,2
yn_q17,qEIJMap,2
yn_q17,m2oM2xz,2
yn_q17,iSn9kph,2
yn_q17,FBBMVWZ,2
yn_q17,ZQjRgH0,2
yn_q17,Kq7AUFF,2
yn_q17,jluPW4b,2
yn_q17,3QNfkyr,2
yn_q17,PTBQALa,2
yn_q17,1oxqko3,2
yn_q17,n5EYn62,2
yn_q17,eRJxGve,2
yn_q17,9qjedgX,2
yn_q17,yILrE6X,2
yn_q17,hbvcsl2,2
yn_q17,uVC94so,2
yn_q17,5wz5bFk,2
yn_q17,i43vPrd,2
yn_q17,2DnOE3v,2
yn_q18,7JROTfG,4
yn_q18,9Xlu262,4
yn_q18,p5UWRdh,4
yn_q18,F9tDtgn,4
yn_q18,AaELChq,4
yn_q18,WvbCpkC,4
yn_q18,brmBtS5,4
yn_q18,4zSvVoe,4
yn_q18,3l3ppnN,4
yn_q18,3JWFUJG,4
yn_q18,fs2vtLf,4
yn_q18,wUXLZ9h,4
yn_q18,RycqzAf,4
yn_q18,eQE7qQg,4
yn_q18,uHHPSYO,3
yn_q18,jWiwjKq,4
yn_q18,1calzbf,4
yn_q18,tTI2wMM,4
yn_q18,nYB8idS,4
yn_q18,v4D63sL,4
yn_q18,HAqPUEB,4
yn_q18,5IAXmMS,4
yn_q18,7mixYVW,4
yn_q18,kTGh0DK,4
yn_q18,cMBMiDU,4
yn_q18,ziuNBMq,4
yn_q18,UJud7tE,4
yn_q18,ikvuDF4,4
yn_q18,v6MvEr7,4
yn_q18,m6Sy7xN,4
yn_q18,V0XuR3q,4
yn_q18,QXpt1GC,4
yn_q18,uZKJCal,4
yn_q18,6aUCYL5,4
yn_q18,5Q3h3Wd,4
yn_q18,NazgKLx,4
yn_q18,5DassdS,4
yn_q18,9V29cOZ,4
yn_q18,7l3w2GM,4
yn_q18,R2alk4p,4
yn_q18,GN7PiuF,4
yn_q18,ZM2X3zo,4
yn_q18,sDLFxkT,2
yn_q18,xI8PiYG,2
yn_q18,puQlnFB,2
yn_q18,t35BcfX,3
yn_q18,goxMtek,2
yn_q18,8ICk2ML,2
yn_q18,sqfB53E,2
yn_q18,Y0P9PPI,2
yn_q18,80kPZap,2
yn_q18,CGNAnjU,2
yn_q18,Utq5MYa,2
yn_q19,ag6EEsQ,3
yn_q19,7TQdvEs,3
yn_q19,nbBDuHk,2
yn_q19,CQQkryN,2
yn_q19,5EDefCV,2
yn_q19,pcCBBr4,3
yn_q19,mlfbrSR,3
yn_q19,YnvqRqM,2
yn_q19,LlzSjqp,2
yn_q19,PmSo95r,3
yn_q19,Z1QxECB,3
yn_q19,FyfLNRH,2
yn_q19,FNHoDDE,3
yn_q19,JvTLIDl,3
yn_q19,L0LJVGz,3
yn_q19,ufoSzQX,3
yn_q19,0PkSFC5,3
yn_q19,fKzmpVM,3
yn_q19,1VZKT7r,3
yn_q19,MWjiwNT,2
yn_q19,RkkFsnt,3
yn_q19,VsRMrPG,3
yn_q19,UIECyTA,3
yn_q19,JoyqG05,3
yn_q19,AzF2tfV,3
yn_q19,NZrkZSY,3
yn_q19,QXbHCRq,3
yn_q19,XFBSAz0,3
yn_q19,y0br9lI,3
yn_q19,WW8LPIf,3
yn_q19,F7qm39g,3
yn_q19,KcYoIA4,3
yn_q19,XLpJdBZ,3
yn_q19,0kB3fOB,3
yn_q19,RjHX9HW,3
yn_q19,0MLWucQ,2
yn_q19,yVFLlwy,2
yn_q19,dLCC5wR,3
yn_q19,njjSmrT,3
yn_q19,PebvTZl,2
yn_q19,zuOUh2p,2
yn_q19,rCDqpBI,2
yn_q19,GPfOflI,2
yn_q19,lSX2yRB,3
yn_q19,fHxDwCv,3
yn_q19,ZbpWuZv,3
yn_q19,ntrXSrj,3
yn_q19,xA7yIyD,3
yn_q19,u4UHzhE,2
yn_q19,5UvUw6H,2
yn_q20,mSujVUD,1
yn_q20,psR5m87,2
yn_q20,pa5swEN,2
yn_q20,zs4AdSQ,2
yn_q20,8fC6KUP,2
yn_q20,jni2Bpk,2
yn_q20,K22aXiO,2
yn_q20,ebiUjjX,2
yn_q20,jMNI8y3,2
yn_q20,FbvIqmG,2
yn_q20,EYJuHJN,2
yn_q20,7JrZZjD,2
yn_q20,Pk3kdpm,2
yn_q20,qt7gy2Z,2
yn_q20,PsE5TCM,2
yn_q20,QDFLQGM,2
yn_q20,rr0gBO2,2
yn_q20,ET3ya0I,2
yn_q20,tS6zeGT,2
yn_q20,4sjzjsI,2
yn_q20,ROUAgiR,2
yn_q20,ysTuYAM,2
yn_q20,0LAuXMW,2
yn_q20,8tVTQfs,2
yn_q20,GMCZbmf,2
yn_q20,Ggshx9v,2
yn_q20,ti3Oetv,2
yn_q20,gGYOKou,2
yn_q20,2OF7JnJ,2
yn_q20,0lu6nV2,2
yn_q20,P3Ravao,2
yn_q20,CYejIkx,2
yn_q20,inSpRGy,2
yn_q20,h9TJB1E,2
yn_q20,tkb8Mfg,2
yn_q20,95rC9X1,2
yn_q20,iYQdimr,2
yn_q20,B3eN2EA,2
yn_q20,usGyEwV,2
yn_q20,Qa9UCvB,2
yn_q20,jZzkJOT,2
yn_q20,I8WG7Me,2
yn_q20,cne4hF2,2
yn_q20,CSNY5qC,2
yn_q20,JaBgt2D,2
yn_q20,rxuYKgN,2
yn_q20,Ggtl7Wx,2
yn_q20,l8AtF9O,2
yn_q20,3WvoUMq,2
yn_q20,9BKeiQ5,2
yn_q20,5SGa3Ua,2
yn_q20,1LWbKll,2
